ISO,COD-AB URL,COD-AB level,COD-AB contributor,COD-AB ADM1 units,COD-AB ADM2 units,COD-AB ADM3 units,COD-AB ADM4 units,COD-AB services,COD-PS URL,COD-PS level,COD-PS contributor,COD-PS services,COD-EM URL,COD-EM level,COD-EM services
ABW,https://data.humdata.org/dataset/cod-ab-abw,cod-standard,OCHA Field Information Services Section (FISS),,,,,False,https://data.humdata.org/dataset/cod-ps-abw,cod-enhanced,UNFPA,True,,,
AFG,https://data.humdata.org/dataset/cod-ab-afg,cod-enhanced,OCHA Field Information Services Section (FISS),34,401,,,True,https://data.humdata.org/dataset/cod-ps-afg,cod-standard,OCHA Afghanistan,True,,,
AGO,https://data.humdata.org/dataset/cod-ab-ago,cod-enhanced,OCHA Regional Office for Southern and Eastern Africa (ROSEA),18,161,539,,True,https://data.humdata.org/dataset/cod-ps-ago,cod-standard,UNFPA,False,,,
AIA,https://data.humdata.org/dataset/cod-ab-aia,cod-standard,OCHA Field Information Services Section (FISS),,,,,False,https://data.humdata.org/dataset/cod-ps-aia,cod-enhanced,UNFPA,True,,,
ALB,https://data.humdata.org/dataset/cod-ab-alb,cod-standard,OCHA Field Information Services Section (FISS),12,61,374,,False,https://data.humdata.org/dataset/cod-ps-alb,cod-enhanced,UNFPA,True,,,
ARE,https://data.humdata.org/dataset/cod-ab-are,cod-standard,OCHA Middle East and North Africa (ROMENA),,,,,False,,,,,,,
ARG,https://data.humdata.org/dataset/cod-ab-arg,cod-standard,OCHA Latin America and the Caribbean (ROLAC),24,525,,,False,https://data.humdata.org/dataset/cod-ps-arg,cod-enhanced,UNFPA,True,,,
ARM,https://data.humdata.org/dataset/cod-ab-arm,cod-standard,OCHA Field Information Services Section (FISS),11,38,805,,False,https://data.humdata.org/dataset/cod-ps-arm,cod-enhanced,UNFPA,True,,,
ATG,https://data.humdata.org/dataset/cod-ab-atg,cod-standard,OCHA Field Information Services Section (FISS),8,,,,False,https://data.humdata.org/dataset/cod-ps-atg,cod-standard,UNFPA,False,,,
AZE,https://data.humdata.org/dataset/cod-ab-aze,cod-standard,OCHA Field Information Services Section (FISS),74,,,,False,https://data.humdata.org/dataset/cod-ps-aze,cod-standard,OCHA Field Information Services Section (FISS),False,,,
BDI,https://data.humdata.org/dataset/cod-ab-bdi,cod-enhanced,OCHA Field Information Services Section (FISS),18,119,,,True,https://data.humdata.org/dataset/cod-ps-bdi,cod-enhanced,UNFPA,True,,,
BEN,https://data.humdata.org/dataset/cod-ab-ben,cod-enhanced,OCHA West and Central Africa (ROWCA),12,77,,,True,https://data.humdata.org/dataset/cod-ps-ben,cod-standard,OCHA West and Central Africa (ROWCA),True,https://data.humdata.org/dataset/cod-em-ben,cod-enhanced,True
BES,https://data.humdata.org/dataset/cod-ab-bes,cod-standard,OCHA Field Information Services Section (FISS),,,,,False,,,,,,,
BFA,https://data.humdata.org/dataset/cod-ab-bfa,cod-enhanced,OCHA Burkina Faso,13,45,351,,True,https://data.humdata.org/dataset/cod-ps-bfa,cod-standard,OCHA Burkina Faso,False,https://data.humdata.org/dataset/cod-em-bfa,cod-enhanced,True
BGD,https://data.humdata.org/dataset/cod-ab-bgd,cod-enhanced,OCHA Regional Office for Asia and the Pacific (ROAP),8,64,544,5160,True,https://data.humdata.org/dataset/cod-ps-bgd,cod-enhanced,UNFPA,True,,,
BGR,https://data.humdata.org/dataset/cod-ab-bgr,cod-enhanced,OCHA Field Information Services Section (FISS),28,265,,,True,,,,,https://data.humdata.org/dataset/cod-em-bgr,cod-enhanced,True
BHR,https://data.humdata.org/dataset/cod-ab-bhr,cod-standard,OCHA Middle East and North Africa (ROMENA),,,,,False,,,,,,,
BHS,https://data.humdata.org/dataset/cod-ab-bhs,cod-standard,OCHA Field Information Services Section (FISS),32,,,,False,https://data.humdata.org/dataset/cod-ps-bhs,cod-standard,UNFPA,False,,,
BLM,https://data.humdata.org/dataset/cod-ab-blm,cod-standard,OCHA Field Information Services Section (FISS),,,,,False,https://data.humdata.org/dataset/cod-ps-blm,cod-standard,OCHA Latin America and the Caribbean (ROLAC),True,,,
BLR,https://data.humdata.org/dataset/cod-ab-blr,cod-enhanced,OCHA Field Information Services Section (FISS),7,119,,,True,,,,,https://data.humdata.org/dataset/cod-em-blr,cod-enhanced,True
BLZ,https://data.humdata.org/dataset/cod-ab-blz,cod-enhanced,OCHA Field Information Services Section (FISS),6,,,,True,https://data.humdata.org/dataset/cod-ps-blz,cod-standard,OCHA Latin America and the Caribbean (ROLAC),False,,,
BMU,https://data.humdata.org/dataset/cod-ab-bmu,cod-standard,OCHA Field Information Services Section (FISS),9,9,,,False,https://data.humdata.org/dataset/cod-ps-bmu,cod-enhanced,UNFPA,True,,,
BOL,https://data.humdata.org/dataset/cod-ab-bol,cod-enhanced,OCHA Latin America and the Caribbean (ROLAC),9,112,339,,True,https://data.humdata.org/dataset/cod-ps-bol,cod-enhanced,UNFPA,True,,,
BRA,https://data.humdata.org/dataset/cod-ab-bra,cod-standard,OCHA Latin America and the Caribbean (ROLAC),27,5572,,,False,https://data.humdata.org/dataset/cod-ps-bra,cod-enhanced,UNFPA,True,,,
BRB,https://data.humdata.org/dataset/cod-ab-brb,cod-standard,OCHA Field Information Services Section (FISS),11,,,,False,https://data.humdata.org/dataset/cod-ps-brb,cod-standard,OCHA Latin America and the Caribbean (ROLAC),True,,,
BTN,https://data.humdata.org/dataset/cod-ab-btn,cod-enhanced,OCHA Regional Office for Asia and the Pacific (ROAP),20,205,,,True,https://data.humdata.org/dataset/cod-ps-btn,cod-enhanced,UNFPA,True,,,
BWA,https://data.humdata.org/dataset/cod-ab-bwa,cod-standard,OCHA Field Information Services Section (FISS),17,28,519,,False,https://data.humdata.org/dataset/cod-ps-bwa,cod-enhanced,UNFPA,True,,,
CAF,https://data.humdata.org/dataset/cod-ab-caf,cod-enhanced,OCHA Central African Republic,17,72,175,860,True,https://data.humdata.org/dataset/cod-ps-caf,cod-standard,OCHA Central African Republic,False,https://data.humdata.org/dataset/cod-em-caf,cod-enhanced,True
CHL,https://data.humdata.org/dataset/cod-ab-chl,cod-enhanced,OCHA Latin America and the Caribbean (ROLAC),16,56,345,,True,https://data.humdata.org/dataset/cod-ps-chl,cod-enhanced,UNFPA,True,,,
CHN,https://data.humdata.org/dataset/cod-ab-chn,cod-standard,OCHA Regional Office for Asia and the Pacific (ROAP),34,361,,,False,,,,,,,
CIV,https://data.humdata.org/dataset/cod-ab-civ,cod-enhanced,OCHA West and Central Africa (ROWCA),33,108,510,,True,https://data.humdata.org/dataset/cod-ps-civ,cod-standard,OCHA West and Central Africa (ROWCA),False,https://data.humdata.org/dataset/cod-em-civ,cod-enhanced,True
CMR,https://data.humdata.org/dataset/cod-ab-cmr,cod-enhanced,OCHA Cameroon,10,58,360,,True,https://data.humdata.org/dataset/cod-ps-cmr,cod-standard,UNFPA,False,https://data.humdata.org/dataset/cod-em-cmr,cod-enhanced,True
COD,https://data.humdata.org/dataset/cod-ab-cod,cod-enhanced,OCHA Democratic Republic of the Congo (DRC),26,189,,,True,https://data.humdata.org/dataset/cod-ps-cod,cod-standard,OCHA Democratic Republic of the Congo (DRC),False,,,
COG,https://data.humdata.org/dataset/cod-ab-cog,cod-enhanced,OCHA West and Central Africa (ROWCA),12,89,,,True,,,,,,,
COL,https://data.humdata.org/dataset/cod-ab-col,cod-enhanced,OCHA Latin America and the Caribbean (ROLAC),33,1122,,,True,https://data.humdata.org/dataset/cod-ps-col,cod-enhanced,UNFPA,True,,,
COM,https://data.humdata.org/dataset/cod-ab-com,cod-enhanced,OCHA Regional Office for Southern and Eastern Africa (ROSEA),3,17,55,,True,https://data.humdata.org/dataset/cod-ps-com,cod-enhanced,UNFPA,True,,,
CPV,https://data.humdata.org/dataset/cod-ab-cpv,cod-standard,OCHA West and Central Africa (ROWCA),22,32,3548,3548,False,https://data.humdata.org/dataset/cod-ps-cpv,cod-enhanced,UNFPA,True,,,
CRI,https://data.humdata.org/dataset/cod-ab-cri,cod-standard,OCHA Field Information Services Section (FISS),7,81,478,,False,https://data.humdata.org/dataset/cod-ps-cri,cod-enhanced,UNFPA,True,,,
CUB,https://data.humdata.org/dataset/cod-ab-cub,cod-standard,OCHA Field Information Services Section (FISS),16,168,,,False,https://data.humdata.org/dataset/cod-ps-cub,cod-enhanced,UNFPA,True,,,
CUW,https://data.humdata.org/dataset/cod-ab-cuw,cod-standard,OCHA Field Information Services Section (FISS),,,,,False,https://data.humdata.org/dataset/cod-ps-cuw,cod-enhanced,UNFPA,True,,,
CYM,https://data.humdata.org/dataset/cod-ab-cym,cod-standard,OCHA Field Information Services Section (FISS),6,,,,False,https://data.humdata.org/dataset/cod-ps-cym,cod-enhanced,UNFPA,True,,,
DJI,https://data.humdata.org/dataset/cod-ab-dji,cod-standard,OCHA Field Information Services Section (FISS),6,20,,,False,https://data.humdata.org/dataset/cod-ps-dji,cod-standard,OCHA Regional Office for Southern and Eastern Africa (ROSEA),False,,,
DMA,https://data.humdata.org/dataset/cod-ab-dma,cod-standard,OCHA Field Information Services Section (FISS),10,,,,False,https://data.humdata.org/dataset/cod-ps-dma,cod-enhanced,UNFPA,True,,,
DOM,https://data.humdata.org/dataset/cod-ab-dom,cod-enhanced,OCHA Field Information Services Section (FISS),10,32,155,386,True,https://data.humdata.org/dataset/cod-ps-dom,cod-enhanced,UNFPA,True,,,
DZA,https://data.humdata.org/dataset/cod-ab-dza,cod-enhanced,OCHA Middle East and North Africa (ROMENA),48,1541,,,True,,,,,,,
ECU,https://data.humdata.org/dataset/cod-ab-ecu,cod-enhanced,OCHA Latin America and the Caribbean (ROLAC),25,224,1040,,True,https://data.humdata.org/dataset/cod-ps-ecu,cod-enhanced,UNFPA,True,,,
EGY,https://data.humdata.org/dataset/cod-ab-egy,cod-enhanced,OCHA Middle East and North Africa (ROMENA),27,365,5716,,True,https://data.humdata.org/dataset/cod-ps-egy,cod-standard,OCHA Field Information Services Section (FISS),False,,,
ERI,https://data.humdata.org/dataset/cod-ab-eri,cod-enhanced,OCHA Regional Office for Southern and Eastern Africa (ROSEA),6,58,,,True,https://data.humdata.org/dataset/cod-ps-eri,cod-standard,OCHA Regional Office for Southern and Eastern Africa (ROSEA),False,,,
ESH,https://data.humdata.org/dataset/cod-ab-esh,cod-enhanced,OCHA Middle East and North Africa (ROMENA),4,,,,True,,,,,,,
ETH,https://data.humdata.org/dataset/cod-ab-eth,cod-enhanced,OCHA Ethiopia,13,92,1082,,True,https://data.humdata.org/dataset/cod-ps-eth,cod-standard,OCHA Ethiopia,True,,,
FJI,https://data.humdata.org/dataset/cod-ab-fji,cod-standard,OCHA Regional Office for Asia and the Pacific (ROAP),4,15,86,,False,https://data.humdata.org/dataset/cod-ps-fji,cod-standard,OCHA Regional Office for Asia and the Pacific (ROAP),True,,,
FSM,https://data.humdata.org/dataset/cod-ab-fsm,cod-standard,OCHA Office of the Pacific Islands,4,75,,,False,https://data.humdata.org/dataset/cod-ps-fsm,cod-standard,OCHA Office of the Pacific Islands,True,,,
GAB,https://data.humdata.org/dataset/cod-ab-gab,cod-standard,OCHA West and Central Africa (ROWCA),,,,,False,https://data.humdata.org/dataset/cod-ps-gab,cod-standard,UNFPA,False,,,
GEO,https://data.humdata.org/dataset/cod-ab-geo,cod-enhanced,OCHA Middle East and North Africa (ROMENA),13,70,,,True,https://data.humdata.org/dataset/cod-ps-geo,cod-standard,OCHA Middle East and North Africa (ROMENA),True,,,
GHA,https://data.humdata.org/dataset/cod-ab-gha,cod-enhanced,OCHA West and Central Africa (ROWCA),16,260,,,True,https://data.humdata.org/dataset/cod-ps-gha,cod-enhanced,UNFPA,True,https://data.humdata.org/dataset/cod-em-gha,cod-enhanced,True
GIN,https://data.humdata.org/dataset/cod-ab-gin,cod-enhanced,OCHA West and Central Africa (ROWCA),8,34,340,,True,https://data.humdata.org/dataset/cod-ps-gin,cod-enhanced,UNFPA,True,https://data.humdata.org/dataset/cod-em-gin,cod-enhanced,True
GLP,https://data.humdata.org/dataset/cod-ab-glp,cod-standard,OCHA Field Information Services Section (FISS),2,32,,,False,https://data.humdata.org/dataset/cod-ps-glp,cod-standard,OCHA Latin America and the Caribbean (ROLAC),True,,,
GMB,https://data.humdata.org/dataset/cod-ab-gmb,cod-enhanced,OCHA Field Information Services Section (FISS),8,49,115,,True,https://data.humdata.org/dataset/cod-ps-gmb,cod-standard,OCHA West and Central Africa (ROWCA),True,https://data.humdata.org/dataset/cod-em-gmb,cod-enhanced,True
GNB,https://data.humdata.org/dataset/cod-ab-gnb,cod-enhanced,OCHA Field Information Services Section (FISS),9,39,,,True,,,,,https://data.humdata.org/dataset/cod-em-gnb,cod-enhanced,True
GNQ,https://data.humdata.org/dataset/cod-ab-gnq,cod-enhanced,OCHA West and Central Africa (ROWCA),7,32,,,True,,,,,,,
GRC,https://data.humdata.org/dataset/cod-ab-grc,cod-standard,Regional IM Working Group - Europe,8,14,,,False,,,,,,,
GRD,https://data.humdata.org/dataset/cod-ab-grd,cod-standard,OCHA Field Information Services Section (FISS),7,,,,False,https://data.humdata.org/dataset/cod-ps-grd,cod-standard,OCHA Latin America and the Caribbean (ROLAC),True,,,
GTM,https://data.humdata.org/dataset/cod-ab-gtm,cod-enhanced,OCHA Field Information Services Section (FISS),22,342,,,True,https://data.humdata.org/dataset/cod-ps-gtm,cod-enhanced,UNFPA,True,,,
GUF,https://data.humdata.org/dataset/cod-ab-guf,cod-standard,OCHA Field Information Services Section (FISS),2,22,,,False,https://data.humdata.org/dataset/cod-ps-guf,cod-standard,OCHA Latin America and the Caribbean (ROLAC),False,,,
GUY,https://data.humdata.org/dataset/cod-ab-guy,cod-standard,OCHA Field Information Services Section (FISS),10,27,,,False,https://data.humdata.org/dataset/cod-ps-guy,cod-standard,UNFPA,False,,,
HND,https://data.humdata.org/dataset/cod-ab-hnd,cod-enhanced,OCHA Latin America and the Caribbean (ROLAC),18,298,,,True,https://data.humdata.org/dataset/cod-ps-hnd,cod-standard,UNFPA,False,,,
HTI,https://data.humdata.org/dataset/cod-ab-hti,cod-enhanced,OCHA Haiti,10,140,570,,True,https://data.humdata.org/dataset/cod-ps-hti,cod-standard,OCHA Field Information Services Section (FISS),False,,,
HUN,https://data.humdata.org/dataset/cod-ab-hun,cod-enhanced,OCHA Field Information Services Section (FISS),20,197,,,True,https://data.humdata.org/dataset/cod-ps-hun,cod-enhanced,UNFPA,True,https://data.humdata.org/dataset/cod-em-hun,cod-enhanced,False
IDN,https://data.humdata.org/dataset/cod-ab-idn,cod-enhanced,OCHA Regional Office for Asia and the Pacific (ROAP),34,522,7069,,True,https://data.humdata.org/dataset/cod-ps-idn,cod-enhanced,UNFPA,True,,,
IRN,https://data.humdata.org/dataset/cod-ab-irn,cod-enhanced,OCHA Middle East and North Africa (ROMENA),31,429,,,True,https://data.humdata.org/dataset/cod-ps-irn,cod-standard,OCHA Middle East and North Africa (ROMENA),True,,,
IRQ,https://data.humdata.org/dataset/cod-ab-irq,cod-enhanced,OCHA Iraq,18,101,294,,True,,,,,,,
JAM,https://data.humdata.org/dataset/cod-ab-jam,cod-standard,OCHA Field Information Services Section (FISS),14,,,,False,https://data.humdata.org/dataset/cod-ps-jam,cod-standard,OCHA Latin America and the Caribbean (ROLAC),True,,,
JPN,https://data.humdata.org/dataset/cod-ab-jpn,cod-standard,OCHA Regional Office for Asia and the Pacific (ROAP),47,1892,,,False,,,,,,,
KAZ,https://data.humdata.org/dataset/cod-ab-kaz,cod-standard,OCHA Field Information Services Section (FISS),20,218,,,False,https://data.humdata.org/dataset/cod-ps-kaz,cod-enhanced,UNFPA,True,,,
KEN,https://data.humdata.org/dataset/cod-ab-ken,cod-enhanced,OCHA Regional Office for Southern and Eastern Africa (ROSEA),47,290,,,True,https://data.humdata.org/dataset/cod-ps-ken,cod-standard,UNFPA,False,,,
KGZ,https://data.humdata.org/dataset/cod-ab-kgz,cod-enhanced,OCHA Middle East and North Africa (ROMENA),9,53,737,,True,https://data.humdata.org/dataset/cod-ps-kgz,cod-standard,OCHA Middle East and North Africa (ROMENA),False,,,
KHM,https://data.humdata.org/dataset/cod-ab-khm,cod-enhanced,OCHA Regional Office for Asia and the Pacific (ROAP),25,197,1633,,True,https://data.humdata.org/dataset/cod-ps-khm,cod-enhanced,UNFPA,True,,,
KIR,https://data.humdata.org/dataset/cod-ab-kir,cod-standard,OCHA Office of the Pacific Islands,3,36,,,False,https://data.humdata.org/dataset/cod-ps-kir,cod-standard,UNFPA,False,,,
KNA,https://data.humdata.org/dataset/cod-ab-kna,cod-standard,OCHA Field Information Services Section (FISS),14,,,,False,https://data.humdata.org/dataset/cod-ps-kna,cod-enhanced,UNFPA,True,,,
KWT,https://data.humdata.org/dataset/cod-ab-kwt,cod-enhanced,OCHA Middle East and North Africa (ROMENA),6,,,,True,,,,,https://data.humdata.org/dataset/cod-em-kwt,cod-enhanced,True
LAO,https://data.humdata.org/dataset/cod-ab-lao,cod-enhanced,OCHA Regional Office for Asia and the Pacific (ROAP),18,148,,,True,https://data.humdata.org/dataset/cod-ps-lao,cod-enhanced,UNFPA,True,,,
LBN,https://data.humdata.org/dataset/cod-ab-lbn,cod-enhanced,OCHA Middle East and North Africa (ROMENA),8,26,0,,False,,,,,,,
LBR,https://data.humdata.org/dataset/cod-ab-lbr,cod-enhanced,OCHA West and Central Africa (ROWCA),15,136,,,True,https://data.humdata.org/dataset/cod-ps-lbr,cod-standard,OCHA West and Central Africa (ROWCA),False,https://data.humdata.org/dataset/cod-em-lbr,cod-enhanced,True
LBY,https://data.humdata.org/dataset/cod-ab-lby,cod-enhanced,OCHA Middle East and North Africa (ROMENA),3,22,,,True,,,,,,,
LCA,https://data.humdata.org/dataset/cod-ab-lca,cod-standard,OCHA Field Information Services Section (FISS),10,547,,,False,https://data.humdata.org/dataset/cod-ps-lca,cod-standard,OCHA Latin America and the Caribbean (ROLAC),True,,,
LKA,https://data.humdata.org/dataset/cod-ab-lka,cod-enhanced,OCHA Regional Office for Asia and the Pacific (ROAP),9,25,339,,True,https://data.humdata.org/dataset/cod-ps-lka,cod-enhanced,UNFPA,True,,,
LSO,https://data.humdata.org/dataset/cod-ab-lso,cod-standard,OCHA Regional Office for Southern and Eastern Africa (ROSEA),10,78,,,False,https://data.humdata.org/dataset/cod-ps-lso,cod-enhanced,UNFPA,True,,,
MAF,https://data.humdata.org/dataset/cod-ab-maf,cod-standard,OCHA Field Information Services Section (FISS),,,,,False,https://data.humdata.org/dataset/cod-ps-maf,cod-standard,OCHA Latin America and the Caribbean (ROLAC),True,,,
MAR,https://data.humdata.org/dataset/cod-ab-mar,cod-enhanced,OCHA Middle East and North Africa (ROMENA),10,69,,,True,,,,,,,
MDA,https://data.humdata.org/dataset/cod-ab-mda,cod-enhanced,OCHA Field Information Services Section (FISS),37,,,,True,https://data.humdata.org/dataset/cod-ps-mda,cod-enhanced,UNFPA,True,https://data.humdata.org/dataset/cod-em-mda,cod-enhanced,True
MDG,https://data.humdata.org/dataset/cod-ab-mdg,cod-standard,OCHA Field Information Services Section (FISS),22,119,1579,17465,False,https://data.humdata.org/dataset/cod-ps-mdg,cod-standard,OCHA Regional Office for Southern and Eastern Africa (ROSEA),True,,,
MDV,https://data.humdata.org/dataset/cod-ab-mdv,cod-enhanced,OCHA Regional Office for Asia and the Pacific (ROAP),5,21,210,,True,https://data.humdata.org/dataset/cod-ps-mdv,cod-enhanced,UNFPA,True,,,
MEX,https://data.humdata.org/dataset/cod-ab-mex,cod-enhanced,OCHA Latin America and the Caribbean (ROLAC),32,2457,,,True,https://data.humdata.org/dataset/cod-ps-mex,cod-enhanced,UNFPA,True,,,
MHL,https://data.humdata.org/dataset/cod-ab-mhl,cod-standard,OCHA Regional Office for Asia and the Pacific (ROAP),25,153,,,False,https://data.humdata.org/dataset/cod-ps-mhl,cod-standard,OCHA Regional Office for Asia and the Pacific (ROAP),True,,,
MKD,https://data.humdata.org/dataset/cod-ab-mkd,cod-standard,Regional IM Working Group - Europe,1,,8,84,False,,,,,,,
MLI,https://data.humdata.org/dataset/cod-ab-mli,cod-enhanced,OCHA Mali,10,53,701,,True,https://data.humdata.org/dataset/cod-ps-mli,cod-standard,OCHA Mali,True,https://data.humdata.org/dataset/cod-em-mli,cod-enhanced,True
MMR,https://data.humdata.org/dataset/mimu-geonode-myanmar-national-boundary-mimu | https://data.humdata.org/dataset/mimu-geonode-myanmar-district-boundaries-mimu | https://data.humdata.org/dataset/mimu-geonode-myanmar-state-and-region-boundaries-mimu | https://data.humdata.org/dataset/mimu-geonode-myanmar-state-and-region-boundaries-with-sub-regions-mimu,cod-standard | cod-standard | cod-standard | cod-standard,Myanmar Information Management Unit (MIMU) | Myanmar Information Management Unit (MIMU) | Myanmar Information Management Unit (MIMU) | Myanmar Information Management Unit (MIMU),,,,,False | False | False | False,https://data.humdata.org/dataset/cod-ps-mmr,cod-standard,UNFPA,False,,,
MNG,https://data.humdata.org/dataset/cod-ab-mng,cod-enhanced,OCHA Regional Office for Asia and the Pacific (ROAP),22,339,,,True,https://data.humdata.org/dataset/cod-ps-mng,cod-enhanced,UNFPA,True,,,
MOZ,https://data.humdata.org/dataset/cod-ab-moz,cod-enhanced,OCHA Regional Office for Southern and Eastern Africa (ROSEA),11,159,411,,True,https://data.humdata.org/dataset/cod-ps-moz,cod-standard,OCHA Regional Office for Southern and Eastern Africa (ROSEA),False,,,
MRT,https://data.humdata.org/dataset/cod-ab-mrt,cod-enhanced,OCHA West and Central Africa (ROWCA),13,57,,,True,https://data.humdata.org/dataset/cod-ps-mrt,cod-standard,UNFPA,False,,,
MSR,https://data.humdata.org/dataset/cod-ab-msr,cod-standard,OCHA Field Information Services Section (FISS),3,,,,False,https://data.humdata.org/dataset/cod-ps-msr,cod-standard,OCHA Latin America and the Caribbean (ROLAC),True,,,
MTQ,https://data.humdata.org/dataset/cod-ab-mtq,cod-standard,OCHA Field Information Services Section (FISS),4,34,,,False,https://data.humdata.org/dataset/cod-ps-mtq,cod-standard,OCHA Latin America and the Caribbean (ROLAC),False,,,
MUS,https://data.humdata.org/dataset/cod-ab-mus,cod-standard,OCHA Latin America and the Caribbean (ROLAC),12,,,,False,https://data.humdata.org/dataset/cod-ps-mus,cod-standard,OCHA Regional Office for Southern and Eastern Africa (ROSEA),False,,,
MWI,https://data.humdata.org/dataset/cod-ab-mwi,cod-enhanced,OCHA Field Information Services Section (FISS),3,32,433,,True,https://data.humdata.org/dataset/cod-ps-mwi,cod-enhanced,UNFPA,True,https://data.humdata.org/dataset/cod-em-mwi,cod-enhanced,True
MYS,https://data.humdata.org/dataset/cod-ab-mys,cod-enhanced,OCHA Regional Office for Asia and the Pacific (ROAP),16,144,,,True,https://data.humdata.org/dataset/cod-ps-mys,cod-enhanced,UNFPA,True,,,
NAM,https://data.humdata.org/dataset/cod-ab-nam,cod-enhanced,OCHA Field Information Services Section (FISS),14,107,,,True,https://data.humdata.org/dataset/cod-ps-nam,cod-enhanced,UNFPA,True,,,
NER,https://data.humdata.org/dataset/cod-ab-ner,cod-enhanced,OCHA Niger,67,67,266,,False,https://data.humdata.org/dataset/cod-ps-ner,cod-standard,OCHA Niger,False,https://data.humdata.org/dataset/cod-em-ner,cod-enhanced,False
NGA,https://data.humdata.org/dataset/cod-ab-nga,cod-enhanced,OCHA Nigeria,37,774,714,,True,https://data.humdata.org/dataset/cod-ps-nga,cod-enhanced,UNFPA,True,https://data.humdata.org/dataset/cod-em-nga,cod-enhanced,True
NIC,https://data.humdata.org/dataset/cod-ab-nic,cod-enhanced,OCHA Field Information Services Section (FISS),17,153,,,True,https://data.humdata.org/dataset/cod-ps-nic,cod-enhanced,UNFPA,True,,,
NPL,https://data.humdata.org/dataset/cod-ab-npl,cod-enhanced,OCHA Field Information Services Section (FISS),7,775,,,True,https://data.humdata.org/dataset/cod-ps-npl,cod-enhanced,UNFPA,True,,,
OMN,https://data.humdata.org/dataset/cod-ab-omn,cod-enhanced,OCHA Middle East and North Africa (ROMENA),11,49,,,True,,,,,,,
PAK,https://data.humdata.org/dataset/cod-ab-pak,cod-enhanced,OCHA Field Information Services Section (FISS),7,160,577,,True,https://data.humdata.org/dataset/cod-ps-pak,cod-standard,OCHA Field Information Services Section (FISS),True,https://data.humdata.org/dataset/cod-em-pak,cod-enhanced,False
PAN,https://data.humdata.org/dataset/cod-ab-pan,cod-enhanced,OCHA Field Information Services Section (FISS),13,76,594,,True,https://data.humdata.org/dataset/cod-ps-pan,cod-enhanced,UNFPA,True,,,
PER,https://data.humdata.org/dataset/cod-ab-per,cod-enhanced,OCHA Latin America and the Caribbean (ROLAC),25,196,1873,,True,https://data.humdata.org/dataset/cod-ps-per,cod-enhanced,UNFPA,True,,,
PHL,https://data.humdata.org/dataset/cod-ab-phl,cod-enhanced,OCHA Philippines,17,87,1647,42057,True,https://data.humdata.org/dataset/cod-ps-phl,cod-standard,UNFPA,False,,,
PNG,https://data.humdata.org/dataset/cod-ab-png,cod-enhanced,OCHA Regional Office for Asia and the Pacific (ROAP),22,87,326,,True,https://data.humdata.org/dataset/cod-ps-png,cod-standard,OCHA Field Information Services Section (FISS),True,,,
POL,https://data.humdata.org/dataset/cod-ab-pol,cod-enhanced,OCHA Field Information Services Section (FISS),16,380,,,True,https://data.humdata.org/dataset/cod-ps-pol,cod-standard,OCHA Field Information Services Section (FISS),True,https://data.humdata.org/dataset/cod-em-pol,cod-enhanced,True
PRI,https://data.humdata.org/dataset/cod-ab-pri,cod-standard,OCHA Field Information Services Section (FISS),78,,,,False,https://data.humdata.org/dataset/cod-ps-pri,cod-standard,OCHA Field Information Services Section (FISS),True,,,
PRK,https://data.humdata.org/dataset/cod-ab-prk,cod-enhanced,OCHA Regional Office for Asia and the Pacific (ROAP),11,179,,,True,https://data.humdata.org/dataset/cod-ps-prk,cod-standard,OCHA Regional Office for Asia and the Pacific (ROAP),False,,,
PRY,https://data.humdata.org/dataset/cod-ab-pry,cod-standard,OCHA Latin America and the Caribbean (ROLAC),18,250,,,False,https://data.humdata.org/dataset/cod-ps-pry,cod-standard,UNFPA,False,,,
PSE,https://data.humdata.org/dataset/cod-ab-pse,cod-enhanced,OCHA occupied Palestinian territory (oPt),2,,,,True,https://data.humdata.org/dataset/cod-ps-pse,cod-enhanced,UNFPA,True,,,
QAT,https://data.humdata.org/dataset/cod-ab-qat,cod-enhanced,OCHA Middle East and North Africa (ROMENA),8,90,,,True,https://data.humdata.org/dataset/cod-ps-qat,cod-standard,UNFPA,False,https://data.humdata.org/dataset/cod-em-qat,cod-enhanced,True
ROU,https://data.humdata.org/dataset/cod-ab-rou,cod-enhanced,OCHA Field Information Services Section (FISS),8,42,,,True,https://data.humdata.org/dataset/cod-ps-rou,cod-enhanced,UNFPA,True,https://data.humdata.org/dataset/cod-em-rou,cod-enhanced,True
RUS,https://data.humdata.org/dataset/cod-ab-rus,cod-standard,OCHA Field Information Services Section (FISS),8,83,,,False,,,,,,,
RWA,https://data.humdata.org/dataset/cod-ab-rwa,cod-standard,OCHA Regional Office for Southern and Eastern Africa (ROSEA),5,30,416,1000,False,https://data.humdata.org/dataset/cod-ps-rwa,cod-enhanced,UNFPA,True,,,
SAU,https://data.humdata.org/dataset/cod-ab-sau,cod-enhanced,OCHA Middle East and North Africa (ROMENA),13,,,,True,,,,,,,
SDN,https://data.humdata.org/dataset/cod-ab-sdn,cod-enhanced,OCHA Regional Office for Southern and Eastern Africa (ROSEA),19,189,,,True,https://data.humdata.org/dataset/cod-ps-sdn,cod-enhanced,UNFPA,True,,,
SEN,https://data.humdata.org/dataset/cod-ab-sen,cod-enhanced,OCHA West and Central Africa (ROWCA),14,45,121,,True,https://data.humdata.org/dataset/cod-ps-sen,cod-enhanced,UNFPA,True,,,
SLB,https://data.humdata.org/dataset/cod-ab-slb,cod-standard,OCHA Regional Office for Asia and the Pacific (ROAP),10,50,183,,False,https://data.humdata.org/dataset/cod-ps-slb,cod-standard,OCHA Regional Office for Asia and the Pacific (ROAP),False,,,
SLE,https://data.humdata.org/dataset/cod-ab-sle,cod-enhanced,OCHA West and Central Africa (ROWCA),4,14,167,1316,True,https://data.humdata.org/dataset/cod-ps-sle,cod-standard,OCHA West and Central Africa (ROWCA),True,https://data.humdata.org/dataset/cod-em-sle,cod-enhanced,True
SLV,https://data.humdata.org/dataset/cod-ab-slv,cod-enhanced,OCHA Latin America and the Caribbean (ROLAC),14,266,,,True,https://data.humdata.org/dataset/cod-ps-slv,cod-enhanced,UNFPA,True,,,
SOM,https://data.humdata.org/dataset/cod-ab-som,cod-enhanced,OCHA Field Information Services Section (FISS),18,74,,,True,https://data.humdata.org/dataset/cod-ps-som,cod-standard,OCHA Somalia,False,https://data.humdata.org/dataset/cod-em-som,cod-enhanced,True
SSD,https://data.humdata.org/dataset/cod-ab-ssd,cod-enhanced,OCHA South Sudan,10,79,512,,True,https://data.humdata.org/dataset/cod-ps-ssd,cod-standard,OCHA South Sudan,False,,,
STP,https://data.humdata.org/dataset/cod-ab-stp,cod-standard,OCHA West and Central Africa (ROWCA),2,8,,,False,https://data.humdata.org/dataset/cod-ps-stp,cod-enhanced,UNFPA,True,,,
SUR,https://data.humdata.org/dataset/cod-ab-sur,cod-standard,OCHA Field Information Services Section (FISS),10,62,,,False,https://data.humdata.org/dataset/cod-ps-sur,cod-standard,OCHA Latin America and the Caribbean (ROLAC),True,,,
SVK,https://data.humdata.org/dataset/cod-ab-svk,cod-enhanced,OCHA Field Information Services Section (FISS),8,79,,,True,https://data.humdata.org/dataset/cod-ps-svk,cod-enhanced,UNFPA,True,https://data.humdata.org/dataset/cod-em-svk,cod-enhanced,True
SWZ,https://data.humdata.org/dataset/cod-ab-swz,cod-enhanced,OCHA Regional Office for Southern and Eastern Africa (ROSEA),4,55,,,True,https://data.humdata.org/dataset/cod-ps-swz,cod-enhanced,UNFPA,True,,,
SXM,https://data.humdata.org/dataset/cod-ab-sxm,cod-standard,OCHA Field Information Services Section (FISS),9,24,,,False,https://data.humdata.org/dataset/cod-ps-sxm,cod-standard,OCHA Field Information Services Section (FISS),False,,,
SYC,https://data.humdata.org/dataset/cod-ab-syc,cod-standard,OCHA Regional Office for Southern and Eastern Africa (ROSEA),4,8,27,,False,https://data.humdata.org/dataset/cod-ps-syc,cod-standard,OCHA Regional Office for Southern and Eastern Africa (ROSEA),False,,,
SYR,https://data.humdata.org/dataset/cod-ab-syr,cod-enhanced,OCHA Syria,14,62,272,,True,,,,,,,
TCA,https://data.humdata.org/dataset/cod-ab-tca,cod-standard,OCHA Field Information Services Section (FISS),6,30,,,False,https://data.humdata.org/dataset/cod-ps-tca,cod-enhanced,UNFPA,True,,,
TCD,https://data.humdata.org/dataset/cod-ab-tcd,cod-enhanced,OCHA Chad,23,70,10,,True,https://data.humdata.org/dataset/cod-ps-tcd,cod-enhanced,UNFPA,True,https://data.humdata.org/dataset/cod-em-tcd,cod-enhanced,True
TGO,https://data.humdata.org/dataset/cod-ab-tgo,cod-enhanced,OCHA West and Central Africa (ROWCA),5,40,373,,True,https://data.humdata.org/dataset/cod-ps-tgo,cod-standard,UNFPA,False,https://data.humdata.org/dataset/cod-em-tgo,cod-enhanced,True
THA,https://data.humdata.org/dataset/cod-ab-tha,cod-enhanced,OCHA Regional Office for Asia and the Pacific (ROAP),77,928,7425,,False,https://data.humdata.org/dataset/cod-ps-tha,cod-enhanced,UNFPA,True,,,
TJK,https://data.humdata.org/dataset/cod-ab-tjk,cod-standard,OCHA Middle East and North Africa (ROMENA),5,76,,,False,https://data.humdata.org/dataset/cod-ps-tjk,cod-standard,UNFPA,False,,,
TLS,https://data.humdata.org/dataset/cod-ab-tls,cod-enhanced,OCHA Regional Office for Asia and the Pacific (ROAP),13,65,442,,True,https://data.humdata.org/dataset/cod-ps-tls,cod-standard,OCHA Regional Office for Asia and the Pacific (ROAP),True,,,
TON,https://data.humdata.org/dataset/cod-ab-ton,cod-standard,OCHA Office of the Pacific Islands,5,23,166,,False,https://data.humdata.org/dataset/cod-ps-ton,cod-enhanced,UNFPA,True,,,
TTO,https://data.humdata.org/dataset/cod-ab-tto,cod-standard,OCHA Field Information Services Section (FISS),15,,,,False,https://data.humdata.org/dataset/cod-ps-tto,cod-standard,OCHA Latin America and the Caribbean (ROLAC),True,,,
TUN,https://data.humdata.org/dataset/cod-ab-tun,cod-enhanced,OCHA Field Information Services Section (FISS),6,24,264,2084,True,https://data.humdata.org/dataset/cod-ps-tun,cod-standard,UNFPA,False,https://data.humdata.org/dataset/cod-em-tun,cod-enhanced,True
TUR,https://data.humdata.org/dataset/cod-ab-tur,cod-standard,Regional IM Working Group - Europe,,,,,False,https://data.humdata.org/dataset/cod-ps-tur,cod-enhanced,UNFPA,True,,,
TZA,https://data.humdata.org/dataset/cod-ab-tza,cod-standard,OCHA ROSA (closed),,,,,False,https://data.humdata.org/dataset/cod-ps-tza,cod-enhanced,UNFPA,True,,,
UGA,https://data.humdata.org/dataset/cod-ab-uga,cod-enhanced,OCHA Regional Office for Southern and Eastern Africa (ROSEA),4,135,208,1520,True,https://data.humdata.org/dataset/cod-ps-uga,cod-enhanced,UNFPA,True,,,
UKR,https://data.humdata.org/dataset/cod-ab-ukr,cod-enhanced,OCHA Field Information Services Section (FISS),27,139,1769,29708,True,https://data.humdata.org/dataset/cod-ps-ukr,cod-enhanced,UNFPA,True,https://data.humdata.org/dataset/cod-em-ukr,cod-enhanced,True
URY,https://data.humdata.org/dataset/cod-ab-ury,cod-standard,OCHA Field Information Services Section (FISS),19,204,,,False,https://data.humdata.org/dataset/cod-ps-ury,cod-enhanced,UNFPA,True,,,
UZB,https://data.humdata.org/dataset/cod-ab-uzb,cod-standard,OCHA Middle East and North Africa (ROMENA),14,199,,,False,https://data.humdata.org/dataset/cod-ps-uzb,cod-standard,OCHA Field Information Services Section (FISS),True,,,
VCT,https://data.humdata.org/dataset/cod-ab-vct,cod-standard,OCHA Field Information Services Section (FISS),6,13,,,False,https://data.humdata.org/dataset/cod-ps-vct,cod-enhanced,UNFPA,True,,,
VEN,https://data.humdata.org/dataset/cod-ab-ven,cod-enhanced,OCHA Venezuela,25,335,1134,,True,https://data.humdata.org/dataset/cod-ps-ven,cod-standard,OCHA Venezuela,True,,,
VGB,https://data.humdata.org/dataset/cod-ab-vgb,cod-standard,OCHA Field Information Services Section (FISS),6,,,,False,https://data.humdata.org/dataset/cod-ps-vgb,cod-enhanced,UNFPA,True,,,
VIR,https://data.humdata.org/dataset/cod-ab-vir,cod-standard,OCHA Field Information Services Section (FISS),3,20,,,False,https://data.humdata.org/dataset/cod-ps-vir,cod-standard,OCHA Latin America and the Caribbean (ROLAC),True,,,
VNM,https://data.humdata.org/dataset/cod-ab-vnm,cod-enhanced,OCHA Regional Office for Asia and the Pacific (ROAP),63,708,,,True,https://data.humdata.org/dataset/cod-ps-vnm,cod-enhanced,UNFPA,True,,,
VUT,https://data.humdata.org/dataset/cod-ab-vut,cod-enhanced,OCHA Office of the Pacific Islands,6,66,,,True,https://data.humdata.org/dataset/cod-ps-vut,cod-enhanced,UNFPA,True,,,
YEM,https://data.humdata.org/dataset/cod-ab-yem,cod-enhanced,OCHA Yemen,22,335,2149,,True,,,,,,,
ZAF,https://data.humdata.org/dataset/cod-ab-zaf,cod-enhanced,OCHA Regional Office for Southern and Eastern Africa (ROSEA),9,52,213,4392,True,https://data.humdata.org/dataset/cod-ps-zaf,cod-enhanced,UNFPA,True,,,
ZMB,https://data.humdata.org/dataset/cod-ab-zmb,cod-enhanced,OCHA Regional Office for Southern and Eastern Africa (ROSEA),10,115,,,True,https://data.humdata.org/dataset/cod-ps-zmb,cod-enhanced,UNFPA,True,,,
ZWE,https://data.humdata.org/dataset/cod-ab-zwe,cod-enhanced,OCHA Regional Office for Southern and Eastern Africa (ROSEA),10,91,1961,,True,https://data.humdata.org/dataset/cod-ps-zwe,cod-enhanced,UNFPA,True,,,
