ISO,COD-UID,contributor,error,resource name,pcode headers,name headers,total pop header,duplicates,blanks
ABW,cod-ps-abw,UNFPA,No csv resources found,,,,,,
AFG,cod-ps-afg,OCHA Afghanistan,,afg_admpop_adm1_2021_v2.csv,"Admin1_Code, Admin0_Code","Admin1_Name, Admin0_Name",T_TL,,
AFG,cod-ps-afg,OCHA Afghanistan,,afg_popadm_adm0_2021_v2.csv,Admin0_Code,Admin0_Name,T_TL,,
AGO,cod-ps-ago,UNFPA,,ago_admpop_adm0_2022.csv,ADM0_PCODE,ADM0_PT,T_TL,,
AGO,cod-ps-ago,UNFPA,,ago_admpop_adm1_2022_v2.csv,"ADM1_PCODE, ADM0_PCODE","ADM0_NAME, ADM1_PT",T_TL,,ADM0_PCODE
AGO,cod-ps-ago,UNFPA,,ago_admpop_adm2_2022_v2.csv,"ADM1_PCODE, ADM0_PCODE, ADM2_PCODE","ADM2_NAME, ADM0_NAME, ADM1_NAME",T_TL,,ADM0_PCODE
AIA,cod-ps-aia,UNFPA,,aia_admpop_adm1_2011.csv,"ADM1_PCODE, ADM0_PCODE","ADM0_EN, ADM1_EN",T_TL,,
AIA,cod-ps-aia,UNFPA,,aia_admpop_adm0_2011.csv,ADM0_PCODE,ADM0_EN,T_TL,,
ALB,cod-ps-alb,UNFPA,,alb_admpop_adm0_2021.csv,ADM0_PCODE,ADM0_EN,T_TL,,
ALB,cod-ps-alb,UNFPA,,alb_admpop_adm1_2021.csv,"ADM1_PCODE, ADM0_PCODE","ADM0_EN, ADM1_EN",T_TL,,
ARG,cod-ps-arg,UNFPA,,arg_admpop_adm0_2021.csv,ADM0_PCODE,ADM0_EN,T_TL,,
ARG,cod-ps-arg,UNFPA,,arg_admpop_adm1_2021.csv,"ADM1_PCODE, ADM0_PCODE","ADM0_EN, ADM1_EN",T_TL,,
ARM,cod-ps-arm,UNFPA,,arm_admpop_adm0_2021.csv,ADM0_PCODE,ADM0_NAME,T_TL,,
ARM,cod-ps-arm,UNFPA,,arm_admpop_adm1_2021.csv,"ADM1_PCODE, ADM0_PCODE","ADM0_NAME, ADM1_EN",T_TL,,
ATG,cod-ps-atg,UNFPA,,atg_admpop_adm0_2022.csv,ADM0_PCODE,ADM0_EN,T_TL,,
AZE,cod-ps-aze,OCHA ROCCA (Closed),,aze_admpop_adm0_2018.csv,Country ISO-2 code,"ADM0Name_AZ, ADM0Name_EN",T_TL,,
AZE,cod-ps-aze,OCHA ROCCA (Closed),,aze_admpop_adm1_2018.csv,"ADM1_PCODE, Country ISO-2 code","ADM1Type_AZ, ADM1_AZ, ADM1Type_EN, ADM1_EN",T_TL,,
AZE,cod-ps-aze,OCHA ROCCA (Closed),,aze_admpop_adm2_2018.csv,"ADM1_PCODE, Country ISO-2 code, ADM2_PCODE","ADM2Type_AZ, ADM2_AZ, ADM0_EN, ADM2_EN, ADM1_EN, ADM2Type_EN, ADM1_AZ, ADM0_AZ",T_TL,,
BDI,cod-ps-bdi,UNFPA,,bdi_admpop_2022_adm0_v3.csv,ADM0_PCODE,ADM0_NAME,T_TL,,
BDI,cod-ps-bdi,UNFPA,,bdi_admpop_2022_adm1_v3.csv,"ADM1_PCODE, ADM0_PCODE","ADM0_NAME, ADM1_NAME",T_TL,,
BDI,cod-ps-bdi,UNFPA,,bdi_admpop_2022_adm2_v3.csv,"ADM1_PCODE, ADM0_PCODE, ADM2_PCODE","ADM2_NAME, ADM0_NAME, ADM1_NAME",T_TL,,
BEN,cod-ps-ben,OCHA West and Central Africa (ROWCA),,ben_adm0_pop_v2.csv,ADM0_PCODE,"ADM0_FR, ADM0_EN",T_TL,,
BEN,cod-ps-ben,OCHA West and Central Africa (ROWCA),,ben_adm1_pop_v2.csv,ADM0_PCODE,"ADM0_FR, ADM0_EN",T_TL,,
BEN,cod-ps-ben,OCHA West and Central Africa (ROWCA),,ben_adm2_pop_v2.csv,"ADM1_PCODE, ADM0_PCODE, ADM2_PCODE","ADM2_FR, ADM0_FR, ADM0_EN, ADM1_FR",T_TL,,
BFA,cod-ps-bfa,OCHA Burkina Faso,,bfa_adm0_pop_v2.csv,ADM0_PCODE,"ADM0_FR, ADM0_EN",T_TL,,
BFA,cod-ps-bfa,OCHA Burkina Faso,,bfa_adm1_pop_v2.csv,"ADM1_PCODE, ADM0_PCODE","ADM0_FR, ADM0_EN, ADM1_FR",T_TL,,
BFA,cod-ps-bfa,OCHA Burkina Faso,,bfa_adm2_pop_v2.csv,"ADM1_PCODE, ADM0_PCODE, ADM2_PCODE","ADM2_FR, ADM0_FR, ADM0_EN, ADM1_FR",T_TL,,
BFA,cod-ps-bfa,OCHA Burkina Faso,,bfa_adm3_pop_v2.csv,"ADM1_PCODE, ADM3_PCODE, ADM0_PCODE, ADM2_PCODE","ADM1_FR, ADM2_FR, ADM0_EN, ADM3_FR, ADM0_FR",T_TL,,
BGD,cod-ps-bgd,UNFPA,,bgd_admpop_adm0_2022.csv,ADM0_PCODE,ADM0_NAME,T_TL,,
BGD,cod-ps-bgd,UNFPA,,bgd_admpop_adm1_2022.csv,"ADM1_PCODE, ADM0_PCODE","ADM0_NAME, ADM1_NAME",T_TL,,
BGD,cod-ps-bgd,UNFPA,,bgd_admpop_adm2_2022.csv,"ADM1_PCODE, ADM0_PCODE, ADM2_PCODE","ADM2_NAME, ADM0_NAME, ADM1_NAME",T_TL,,
BGD,cod-ps-bgd,UNFPA,,bgd_admpop_adm3_2022.csv,"ADM1_PCODE, ADM3_PCODE, ADM0_PCODE, ADM2_PCODE","ADM3_NAME, ADM2_NAME, ADM0_NAME, ADM1_NAME",T_TL,,
BHS,cod-ps-bhs,UNFPA,,bhs_admpop_adm0_2022.csv,ADM0_PCODE,ADM0_EN,T_TL,,
BLM,cod-ps-blm,OCHA Latin America and the Caribbean (ROLAC),,blm_admpop_adm0_2016_insee_v2.csv,ADM0_PCODE,ADM0_FR,T_TL,,
BLM,cod-ps-blm,OCHA Latin America and the Caribbean (ROLAC),,blm_admpop_adm1_2016_insee_v2.csv,"ADM1_PCODE, ADM0_PCODE","ADM0_FR, ADM1_FR",T_TL,,"F_20_24, F_25_29, F_30_34, F_35_39, F_40_44, F_45_49, F_50_54, F_55_59, F_60_64, F_65plus, M_00_04, M_05_09, M_10_14, M_15_19, M_20_24, M_25_29, M_30_34, M_35_39, M_40_44, M_45_49, M_50_54, M_55_59, M_60_64, M_65plus"
BLZ,cod-ps-blz,OCHA Latin America and the Caribbean (ROLAC),,blz_adm0_pop_v2.csv,ADM0_PCODE,ADM0_ES,T_TL,,
BLZ,cod-ps-blz,OCHA Latin America and the Caribbean (ROLAC),,blz_adm1_pop_v2.csv,"ADM1_PCODE, ADM0_PCODE","ADM1_ES, ADM0_ES",T_TL,,
BLZ,cod-ps-blz,OCHA Latin America and the Caribbean (ROLAC),,blz_adm2_pop_v2.csv,"ADM1_PCODE, ADM0_PCODE, ADM2_PCODE","ADM1_ES, ADM2_ES, ADM0_ES",T_TL,,
BMU,cod-ps-bmu,UNFPA,No csv resources found,,,,,,
BOL,cod-ps-bol,UNFPA,,bol_admpop_adm0_2022.csv,ADM0_PCODE,ADM0_EN,T_TL,,
BOL,cod-ps-bol,UNFPA,,bol_admpop_adm1_2022.csv,"ADM1_PCODE, ADM0_PCODE","ADM1_ES, ADM0_EN",T_TL,,
BRA,cod-ps-bra,UNFPA,,bra_admpop_adm0_2022.csv,ADM0_PCODE,ADM0_PT,T_TL,,
BRA,cod-ps-bra,UNFPA,,bra_admpop_adm1_2022.csv,"ADM1_PCODE, ADM0_PCODE","ADM0_PT, ADM1_PT",T_TL,,
BRB,cod-ps-brb,OCHA Latin America and the Caribbean (ROLAC),,brb_admpop_adm0_2010_v2.csv,ADM0_PCODE,NAME_0,T_TL,,
BTN,cod-ps-btn,UNFPA,,btn_admpop_adm0_2022.csv,ADM0_PCODE,ADM0_NAME,T_TL,,
BTN,cod-ps-btn,UNFPA,,btn_admpop_adm1_2022.csv,"ADM1_PCODE, ADM0_PCODE","ADM0_NAME, ADM1_NAME",T_TL,,
BWA,cod-ps-bwa,UNFPA,,bwa_admpop_adm0_2022.csv,ADM0_PCODE,ADM0_NAME,T_TL,,
BWA,cod-ps-bwa,UNFPA,,bwa_admpop_adm1_2022.csv,"ADM1_PCODE, ADM0_PCODE","ADM0_NAME, ADM1_NAME",T_TL,,
BWA,cod-ps-bwa,UNFPA,,bwa_admpop_adm2_2022.csv,"ADM1_PCODE, ADM0_PCODE, ADM2_PCODE","ADM2_NAME, ADM0_NAME, ADM1_NAME",T_TL,,
BWA,cod-ps-bwa,UNFPA,,bwa_admpop_adm3_2022.csv,"ADM1_PCODE, ADM3_PCODE, ADM0_PCODE, ADM2_PCODE","ADM3_NAME, ADM2_NAME, ADM0_NAME, ADM1_NAME",T_TL,,
CAF,cod-ps-caf,OCHA Central African Republic,,caf_admpop_adm1_2015_v2.csv,Adm1_pcode,Adm1_name,T_TL,,
CAF,cod-ps-caf,OCHA Central African Republic,,caf_admpop_adm2_2015_v2.csv,"Adm2_Pcode, Adm1_Pcode","Adm2_name, Adm1_name",T_TL,,
CAF,cod-ps-caf,OCHA Central African Republic,,caf_admpop_adm3_2015_v2.csv,"Adm1_pcode, Adm2_pcode, Adm3_pcode","Adm2_name2, Adm2_name, Adm1_name",T_TL,,
CHL,cod-ps-chl,UNFPA,,chl_admpop_adm0_2022.csv,ADM0_PCODE,ADM0_ES,T_TL,,
CHL,cod-ps-chl,UNFPA,,chl_admpop_adm1_2022.csv,"ADM1_PCODE, ADM0_PCODE","ADM1_ES, ADM0_ES",T_TL,,
CHL,cod-ps-chl,UNFPA,,chl_admpop_adm2_2022.csv,"ADM1_PCODE, ADM0_PCODE, ADM2_PCODE","ADM1_ES, ADM2_ES, ADM0_ES",T_TL,,
CHL,cod-ps-chl,UNFPA,,chl_admpop_adm3_2022.csv,"ADM1_PCODE, ADM3_PCODE, ADM0_PCODE, ADM2_PCODE","ADM3_ES, ADM1_ES, ADM2_ES, ADM0_ES",T_TL,,
CIV,cod-ps-civ,OCHA West and Central Africa (ROWCA),,civ_admpop_adm0_v2.csv,ADM0_PCODE,"ADM0_FR, ADM0_EN",T_TL,,
CIV,cod-ps-civ,OCHA West and Central Africa (ROWCA),,civ_admpop_adm1_v2.csv,"ADM1_PCODE, ADM0_PCODE","ADM0_FR, ADM0_EN, ADM1_FR",T_TL,,
CIV,cod-ps-civ,OCHA West and Central Africa (ROWCA),,civ_admpop_adm2_v2.csv,"ADM1_PCODE, ADM0_PCODE, ADM2_PCODE","ADM2_FR, ADM0_FR, ADM0_EN, ADM1_FR",T_TL,,
CIV,cod-ps-civ,OCHA West and Central Africa (ROWCA),,civ_admpop_adm3_v2.csv,"ADM1_PCODE, ADM3_PCODE, ADM0_PCODE, ADM2_PCODE","ADM1_FR, ADM2_FR, ADM0_EN, ADM3_FR, ADM0_FR",T_TL,,
CMR,cod-ps-cmr,UNFPA,,cmr_admpop_adm0_2022.csv,ADM0_PCODE,ADM0_NAME,T_TL,,
CMR,cod-ps-cmr,UNFPA,,cmr_admpop_adm1_2022.csv,"ADM1_PCODE, ADM0_PCODE","ADM0_NAME, ADM1_NAME",T_TL,,
COD,cod-ps-cod,OCHA Democratic Republic of the Congo (DRC),,cod_admpop_adm0_2020.csv,admin0Pcode,"admin0Name_fr, admin0RefName",T_TL,,
COD,cod-ps-cod,OCHA Democratic Republic of the Congo (DRC),,cod_admpop_adm0_2019.csv,admin0Pcode,"admin0Name_fr, admin0RefName",T_TL,,
COD,cod-ps-cod,OCHA Democratic Republic of the Congo (DRC),,cod_admpop_adm1_2020.csv,"admin0Pcode, admin1Pcode","admin0Name_fr, admin1RefName, admin1Name_fr, admin1AltName1_fr, admin1AltName2_fr",T_TL,,
COD,cod-ps-cod,OCHA Democratic Republic of the Congo (DRC),,cod_admpop_adm1_2019.csv,"admin0Pcode, admin1Pcode","admin0Name_fr, admin1RefName, admin1Name_fr, admin1AltName1_fr, admin1AltName2_fr",T_TL,,
COD,cod-ps-cod,OCHA Democratic Republic of the Congo (DRC),,cod_admpop_adm2_2020.csv,"admin1Pcode, admin2Pcode","admin0Name_fr, admin2Name_fr, admin1Name_fr",T_TL,,
COD,cod-ps-cod,OCHA Democratic Republic of the Congo (DRC),,cod_admpop_adm2_2019.csv,"admin1Pcode, admin2Pcode","admin0Name_fr, admin2Name_fr, admin1Name_fr",T_TL,,
COL,cod-ps-col,UNFPA,,col_admpop_adm0_2022.csv,ADM0_PCODE,ADM0_ES,T_TL,,
COL,cod-ps-col,UNFPA,,col_admpop_adm1_2022.csv,"ADM1_PCODE, ADM0_PCODE","ADM1_ES, ADM0_ES",T_TL,,
COL,cod-ps-col,UNFPA,,col_admpop_adm2_2022.csv,"ADM1_PCODE, ADM0_PCODE, ADM2_PCODE","ADM1_ES, ADM2_ES, ADM0_ES",T_TL,,
COM,cod-ps-com,UNFPA,,com_admpop_adm0_2017.csv,ADM0_PCODE,ADM0_NAME,T_TL,,
COM,cod-ps-com,UNFPA,,com_admpop_adm1_2017.csv,"ADM1_PCODE, ADM0_PCODE","ADM0_NAME, ADM1_NAME",T_TL,,ADM0_PCODE
CPV,cod-ps-cpv,UNFPA,,cpv_admpop_adm0_2022.csv,ADM0_PCODE,ADM0_PT,T_TL,,
CPV,cod-ps-cpv,UNFPA,,cpv_admpop_adm1_2022.csv,"ADM1_PCODE, ADM0_PCODE","ADM0_PT, ADM1_PT",T_TL,,
CPV,cod-ps-cpv,UNFPA,,cpv_admpop_islands_2022.csv,ADM0_PCODE,ADM0_PT,T_TL,,
CRI,cod-ps-cri,UNFPA,,cri_admpop_adm0_unfpa2021.csv,ADM0_PCODE,ADM0_ES,T_TL,,
CRI,cod-ps-cri,UNFPA,,cri_admpop_adm1_unfpa2021.csv,"ADM1_PCODE, ADM0_PCODE","ADM1_ES, ADM0_ES",T_TL,,
CRI,cod-ps-cri,UNFPA,,cri_admpop_adm2_unfpa2021.csv,"ADM1_PCODE, ADM0_PCODE, ADM2_PCODE","ADM1_ES, ADM2_ES, ADM0_ES",T_TL,,
CRI,cod-ps-cri,UNFPA,,cri_admpop_adm3_unfpa2021.csv,"ADM1_PCODE, ADM3_PCODE, ADM0_PCODE, ADM2_PCODE","ADM3_ES, ADM1_ES, ADM2_ES, ADM0_ES",T_TL,,
CUB,cod-ps-cub,UNFPA,,cub_admpop_adm0_2020.csv,ADM0_PCODE,ADM0_ES,T_TL,,
CUB,cod-ps-cub,UNFPA,,cub_admpop_adm1_2020.csv,"ADM1_PCODE, ADM0_PCODE","ADM1_ES, ADM0_ES",T_TL,,
CUB,cod-ps-cub,UNFPA,,cub_admpop_adm2_2020.csv,"ADM1_PCODE, ADM0_PCODE, ADM2_PCODE","ADM1_ES, ADM2_ES, ADM0_ES",T_TL,,
CUW,cod-ps-cuw,UNFPA,No csv resources found,,,,,,
CYM,cod-ps-cym,UNFPA,No csv resources found,,,,,,
DJI,cod-ps-dji,OCHA Regional Office for Southern and Eastern Africa (ROSEA),,dji_admpop_adm0_2009.csv,"ADM1_PCODE, ADM0_PCODE","ADM0_EN, ADM1_EN",T_TL,,
DJI,cod-ps-dji,OCHA Regional Office for Southern and Eastern Africa (ROSEA),,dji_admpop_adm1_2009.csv,"ADM1_PCODE, ADM0_PCODE","ADM0_EN, ADM1_EN",T_TL,,
DMA,cod-ps-dma,UNFPA,,dma_census_2011_v5.csv,"adm0code, adm1code","adm1_en, adm0_en",T_TL,,
DOM,cod-ps-dom,UNFPA,,dom_admpop_adm0_2022.csv,ADM0_PCODE,ADM0_EN,T_TL,,
DOM,cod-ps-dom,UNFPA,,dom_admpop_adm1_2022.csv,"ADM1_PCODE, ADM0_PCODE","ADM0_EN, ADM1_EN",T_TL,,
DOM,cod-ps-dom,UNFPA,,dom_admpop_adm2_2022.csv,"ADM1_PCODE, ADM0_PCODE, ADM2_PCODE","ADM0_EN, ADM2_EN, ADM1_EN",T_TL,,
ECU,cod-ps-ecu,UNFPA,,ecu_admpop_adm0_2020.csv,ADM0_PCODE,ADM0_EN,T_TL,,
ECU,cod-ps-ecu,UNFPA,,ecu_admpop_adm1_2020.csv,"ADM1_PCODE, ADM0_PCODE","ADM0_EN, ADM1_EN",T_TL,,
EGY,cod-ps-egy,OCHA Field Information Services Section (FISS),,egypt_population_estimate_compas_2012_v1.1_0_fis_v2.csv,"ADM1_PCODE, ADM0_PCODE","ADM1_AR, ADM0_EN, ADM1_EN, ADM0_AR",T_TL,,
ERI,cod-ps-eri,OCHA Regional Office for Southern and Eastern Africa (ROSEA),,eri_adm0_pop_20170818_v1.csv,ADM0_PCODE,ADM0_EN,T_TL,,
ERI,cod-ps-eri,OCHA Regional Office for Southern and Eastern Africa (ROSEA),,eri_adm1_pop_20170818_v2.csv,"Admn1code, Admin0code",,T_TL,,
ERI,cod-ps-eri,OCHA Regional Office for Southern and Eastern Africa (ROSEA),,eri_adm2_pop_20170818_v2.csv,"ADM1_PCODE, ADM2_PCODE","ADM2_EN, ADM1_EN",T_TL,,
ETH,cod-ps-eth,OCHA Ethiopia,,eth_admpop_adm0_2022_v2.csv,ADM0_PCODE,,T_TL,,
ETH,cod-ps-eth,OCHA Ethiopia,,eth_admpop_adm1_2022_v2.csv,"admin0Pcode, admin1Pcode","admin0Name_en, admin1Name_en",T_TL,,
ETH,cod-ps-eth,OCHA Ethiopia,,eth_admpop_adm2_2022_v2.csv,"ADM1_PCODE, ADM0_PCODE, ADM2_PCODE","ADM0_EN, ADM2_EN, ADM1_EN",T_TL,,
ETH,cod-ps-eth,OCHA Ethiopia,,eth_admpop_adm3_2022_v2.csv,"ADM1_PCODE, ADM3_PCODE, ADM0_PCODE, ADM2_PCODE","ADM3_EN, ADM0_EN, ADM2_EN, ADM1_EN",T_TL,,
FJI,cod-ps-fji,OCHA Regional Office for Asia and the Pacific (ROAP),,fji_pplp_adm0_country_2017_v2.csv,ADM0_PCODE,ADM0_EN,T_TL,,
FJI,cod-ps-fji,OCHA Regional Office for Asia and the Pacific (ROAP),,fji_pplp_adm1_division_2017_v3.csv,"ADM1_PCODE, ADM0_PCODE","ADM0_EN, ADM1_EN",T_TL,,
FJI,cod-ps-fji,OCHA Regional Office for Asia and the Pacific (ROAP),,fji_pplp_adm2_province_2017_v2.csv,"ADM1_PCODE, ADM0_PCODE, ADM2_PCODE","ADM0_EN, ADM2_EN, ADM1_EN",T_TL,,
FJI,cod-ps-fji,OCHA Regional Office for Asia and the Pacific (ROAP),,fji_pplp_adm3_tikina_2017_v2.csv,"ADM1_PCODE, ADM3_PCODE, ADM0_PCODE, ADM2_PCODE","ADM3_EN, ADM0_EN, ADM2_EN, ADM1_EN",T_TL,,
FSM,cod-ps-fsm,OCHA Office of the Pacific Islands,,fsm_pplp_adm0_country_v2.csv,adm0_Pcode,adm0Name,T_TL,,
FSM,cod-ps-fsm,OCHA Office of the Pacific Islands,,fsm_pplp_adm1_state_v2.csv,adm1_Pcode,adm1Name,T_TL,,
FSM,cod-ps-fsm,OCHA Office of the Pacific Islands,,fsm_pplp_adm2_municipality_v2.csv,"adm2_Pcode, adm1_Pcode","adm1Name, adm2_Name",T_TL,,
GAB,cod-ps-gab,UNFPA,,gab_admpop_adm0_2022.csv,ADM0_PCODE,ADM0_NAME,T_TL,,
GAB,cod-ps-gab,UNFPA,,gab_admpop_adm1_2022.csv,"ADM1_PCODE, ADM0_PCODE","ADM0_NAME, ADM1_NAME",T_TL,,
GEO,cod-ps-geo,OCHA ROCCA (Closed),,geo_admpop_adm0_v2.csv,ADM0_PCODE,"ADM0_KA, ADM0_EN",T_TL,,
GEO,cod-ps-geo,OCHA ROCCA (Closed),,geo_admpop_adm1_v4.csv,"ADM1_PCODE, ADM0_PCODE","ADM0_KA, ADM0_EN, ADM1_EN, ADM1_KA",T_TL,,
GEO,cod-ps-geo,OCHA ROCCA (Closed),,geo_admpop_adm2_v3.csv,"ADM1_PCODE, ADM0_PCODE, ADM2_PCODE","ADM2_KA, ADM2TYPE_KA, ADM0_EN, ADM2_EN, ADM1_EN, ADM0_KA, ADM2TYPE_EN, ADM1_KA",T_TL,,
GHA,cod-ps-gha,UNFPA,,gha_admpop_adm0_2022.csv,ADM0_PCODE,ADM0_EN,T_TL,,
GHA,cod-ps-gha,UNFPA,,gha_admpop_adm1_2022.csv,"ADM1_PCODE, ADM0_PCODE","ADM0_EN, ADM1_EN",T_TL,,
GHA,cod-ps-gha,UNFPA,,gha_admpop_adm2_2022.csv,"ADM1_PCODE, ADM0_PCODE, ADM2_PCODE","ADM2_NAME, ADM0_NAME, ADM1_NAME",T_TL,,
GIN,cod-ps-gin,UNFPA,,gin_admpop_adm0_2022.csv,ADM0_PCODE,ADM0_EN,T_TL,,
GIN,cod-ps-gin,UNFPA,,gin_admpop_adm1_2022.csv,"ADM1_PCODE, ADM0_PCODE","ADM0_EN, ADM1_EN",T_TL,,
GIN,cod-ps-gin,UNFPA,,gin_admpop_adm2_2022.csv,"ADM1_PCODE, ADM0_PCODE, ADM2_PCODE","ADM0_EN, ADM2_EN, ADM1_EN",T_TL,,
GLP,cod-ps-glp,OCHA Latin America and the Caribbean (ROLAC),,glp_admpop_adm0_v2.csv,ADM0_PCODE,ADM0_FR,T_TL,,
GLP,cod-ps-glp,OCHA Latin America and the Caribbean (ROLAC),,glp_admpop_adm1_v2.csv,"ADM1_PCODE, ADM0_PCODE","ADM0_FR, ADM1_FR",T_TL,,
GLP,cod-ps-glp,OCHA Latin America and the Caribbean (ROLAC),,glp_admpop_adm2_v2.csv,"ADM1_PCODE, ADM0_PCODE, ADM2_PCODE","ADM2_FR, ADM0_FR, ADM1_FR",T_TL,,
GMB,cod-ps-gmb,OCHA West and Central Africa (ROWCA),,gmb_popadm_2021_admin1.csv,"ADM1_PCODE, ADM0_PCODE","ADM0_NAME, ADM1_NAME",T_TL,,
GRD,cod-ps-grd,OCHA Latin America and the Caribbean (ROLAC),,grd_admpop_adm0_2011_v2.csv,ADM0_PCODE,ADM0_EN,T_TL,,
GRD,cod-ps-grd,OCHA Latin America and the Caribbean (ROLAC),,grd_admpop_adm1_2011_v2.csv,"ADM1_PCODE, ADM0_PCODE","ADM0_EN, ADM1_EN",T_TL,,
GTM,cod-ps-gtm,UNFPA,,gtm_admpop_adm0_2022.csv,ADM0_PCODE,ADM0_ES,T_TL,,
GTM,cod-ps-gtm,UNFPA,,gtm_admpop_adm1_2022.csv,"ADM1_PCODE, ADM0_PCODE","ADM1_ES, ADM0_ES",T_TL,,
GTM,cod-ps-gtm,UNFPA,,gtm_admpop_adm2_2022.csv,"ADM1_PCODE, ADM0_PCODE, ADM2_PCODE","ADM1_ES, ADM2_ES, ADM0_ES",T_TL,,
GUF,cod-ps-guf,OCHA Latin America and the Caribbean (ROLAC),,guf_admpop_adm0_insee_2016_v2.csv,ADM0_PCODE,NAME_0,T_TL,,
GUF,cod-ps-guf,OCHA Latin America and the Caribbean (ROLAC),,guf_admpop_adm1_insee_2016_v2.csv,"ADM1_PCODE, ADM0_PCODE","NAME_1, NAME_0",T_TL,,
GUF,cod-ps-guf,OCHA Latin America and the Caribbean (ROLAC),,guf_admpop_adm2_insee_2016_v3.csv,"ADM1_PCODE, ADM0_PCODE, ADM2_PCODE","ADM2_FR, ADM0_FR, ADM1_FR",T_TL,,
GUY,cod-ps-guy,UNFPA,,guy_admpop_adm0_2021.csv,ADM0_PCODE,ADM0_EN,T_TL,,
GUY,cod-ps-guy,UNFPA,,guy_admpop_adm1_2021.csv,"ADM1_PCODE, ADM0_PCODE","ADM0_EN, ADM1_EN",T_TL,,
HND,cod-ps-hnd,UNFPA,,hnd_admpop_adm0_2022.csv,ADM0_PCODE,ADM0_ES,T_TL,,
HND,cod-ps-hnd,UNFPA,,hnd_admpop_adm1_2022.csv,"ADM1_PCODE, ADM0_PCODE","ADM1_ES, ADM0_ES",T_TL,,
HND,cod-ps-hnd,UNFPA,,hnd_admpop_adm2_2022.csv,"ADM1_PCODE, ADM0_PCODE, ADM2_PCODE","ADM1_ES, ADM2_ES, ADM0_ES",T_TL,,
HTI,cod-ps-hti,OCHA Field Information Services Section (FISS),,hti_admpop_adm1_2022.csv,"adm0code, adm1code","adm0_fr, adm1_fr",Population,,
HTI,cod-ps-hti,OCHA Field Information Services Section (FISS),,hti_admpop_adm2_2022.csv,"code_iso3, adm1code, adm2code","adm0_fr, adm2_fr, adm1_fr",Population,,
HUN,cod-ps-hun,UNFPA,,hun_admpop_adm0_2022_v01.csv,ADM0_PCODE,ADM0_EN,T_TL,,
HUN,cod-ps-hun,UNFPA,,hun_admpop_adm1_2022_v01.csv,"ADM1_PCODE, ADM0_PCODE","ADM1_HU, ADM0_EN",T_TL,,
IDN,cod-ps-idn,UNFPA,,idn_admpop_adm0_2020_v2.csv,ADM0_PCODE,ADM0_EN,T_TL,,
IDN,cod-ps-idn,UNFPA,,idn_admpop_adm1_2020_v2.csv,"ADM1_PCODE, ADM0_PCODE","ADM0_EN, ADM1_EN",T_TL,,
IDN,cod-ps-idn,UNFPA,,idn_admpop_adm2_2020_v3.csv,"ADM1_PCODE, ADM0_PCODE, ADM2_PCODE","ADM0_EN, ADM2_EN, ADM1_EN",T_TL,,
IRN,cod-ps-irn,OCHA Middle East and North Africa (ROMENA),,irn_admpop_adm0_2019_v2.csv,ADM0_PCODE,"ADM0_EN, ADM0_FA",T_TL,,
IRN,cod-ps-irn,OCHA Middle East and North Africa (ROMENA),,irn_admpop_adm1_2019_v2.csv,"ADM1_PCODE, ADM0_PCODE","ADM0_EN, ADM1_EN, ADM0_FA, ADM1_FA",T_TL,,
IRN,cod-ps-irn,OCHA Middle East and North Africa (ROMENA),,irn_admpop_adm2_2019_v2.csv,"ADM1_PCODE, ADM0_PCODE, ADM2_PCODE","ADM0_EN, ADM2_EN, ADM1_EN, ADM1_FA, ADM0_FA, ADM2_FA",T_TL,,
JAM,cod-ps-jam,OCHA Latin America and the Caribbean (ROLAC),,jam_adm0_pop_v2.csv,ADM0_PCODE,ADM0_EN,T_TL,,
JAM,cod-ps-jam,OCHA Latin America and the Caribbean (ROLAC),,jam_adm1_pop_v2.csv,"ADM1_PCODE, ADM0_PCODE","ADM0_EN, ADM1_EN",T_TL,,
KAZ,cod-ps-kaz,UNFPA,,kaz_admpop_adm0_2021.csv,ADM0_PCODE,ADM0_EN,T_TL,,
KAZ,cod-ps-kaz,UNFPA,,kaz_admpop_adm1_2021.csv,"ADM1_PCODE, ADM0_PCODE","ADM0_EN, ADM1_EN",T_TL,,
KEN,cod-ps-ken,UNFPA,,ken_admpop_adm0_2019.csv,ADM0_PCODE,ADM0_NAME,T_TL,,
KEN,cod-ps-ken,UNFPA,,ken_admpop_adm1_2019.csv,"ADM1_PCODE, ADM0_PCODE","ADM0_NAME, ADM1_NAME",T_TL,,
KGZ,cod-ps-kgz,OCHA ROCCA (Closed),,kyrgyzstan_population_statistics_2018_adm1_v2.csv,"admin0Pcode, admin1Pcode","admin1Type_ru, admin1Name_ru, admin1Type_ky, admin1Name_ky, admin1Name_en, admin1Type_en",T_TL,,
KGZ,cod-ps-kgz,OCHA ROCCA (Closed),,kyrgyzstan_population_statistics_2018_adm2_v2.csv,"admin0Pcode, admin1Pcode, admin2Pcode","admin2Name_en, admin2Type_ru, admin1Name_ru, admin2Type_en, admin2Type_ky, admin1Name_en, admin2Name_ru",T_TL,,
KHM,cod-ps-khm,UNFPA,,khm_admpop_adm0_2022.csv,ADM0_PCODE,ADM0_EN,T_TL,,
KHM,cod-ps-khm,UNFPA,,khm_admpop_adm1_2022.csv,"ADM1_PCODE, ADM0_PCODE","ADM0_EN, ADM1_EN",T_TL,,
KHM,cod-ps-khm,UNFPA,,khm_admpop_adm0_2016_v1.csv,ADM0_PCODE,ADM0_EN,T_TL,,
KHM,cod-ps-khm,UNFPA,,khm_admpop_adm1_2016_v2.csv,"ADM1_PCODE, ADM0_PCODE","ADM0_EN, ADM1_EN",T_TL,,
KIR,cod-ps-kir,UNFPA,,kir_admpop_adm0_2020.csv,ADM0_PCODE,ADM0_EN,T_TL,,
KIR,cod-ps-kir,UNFPA,,kir_admpop_adm1_2020.csv,"ADM1_PCODE, ADM0_PCODE","ADM0_EN, ADM1_EN",T_TL,,
KIR,cod-ps-kir,UNFPA,,kir_admpop_adm2_2020.csv,"ADM1_PCODE, ADM0_PCODE, ADM2_PCODE","ADM0_EN, ADM2_EN, ADM1_EN",T_TL,,
KNA,cod-ps-kna,UNFPA,,kna_admpop_adm0_2000_v2.csv,ADM0_PCODE,ADM0_EN,T_TL,,
KNA,cod-ps-kna,UNFPA,,kna_admpop_adm1_2000_v2.csv,"ADM1_PCODE, ADM0_PCODE","ADM0_EN, ADM1_EN",T_TL,,
LAO,cod-ps-lao,UNFPA,,lao_admpop_adm0_2020_v2.csv,ADM0_PCODE,"ADM0_EN, ADM0_LO",T_TL,,
LAO,cod-ps-lao,UNFPA,,lao_admpop_adm1_2020_v2.csv,"ADM1_PCODE, ADM0_PCODE","ADM2_LO, ADM0_EN, ADM1_EN, ADM0_LO",T_TL,,
LAO,cod-ps-lao,UNFPA,,lao_admpop_adm2_2020_v2.csv,"ADM1_PCODE, ADM0_PCODE, ADM2_PCODE","ADM0_LO, ADM0_EN, ADM2_EN, ADM1_EN, ADM2_LO",T_TL,,
LBR,cod-ps-lbr,OCHA West and Central Africa (ROWCA),,lbr_admpop_adm0_2020_v2.csv,ADM0_PCODE,ADM0_EN,T_TL,,
LBR,cod-ps-lbr,OCHA West and Central Africa (ROWCA),,lbr_admpop_adm1_2020_v2.csv,"ADM1_PCODE, ADM0_PCODE","ADM0_EN, ADM1_EN",T_TL,,
LBR,cod-ps-lbr,OCHA West and Central Africa (ROWCA),,lbr_admpop_adm2_2020_v2.csv,"ADM1_PCODE, ADM3_PCODE, ADM0_PCODE, ADM2_PCODE","ADM3_EN, ADM0_EN, ADM2_EN, ADM1_EN",T_TL,,
LCA,cod-ps-lca,OCHA Latin America and the Caribbean (ROLAC),,lca_pop_adm0_v2.csv,ADM0_PCODE,ADM0_EN,T_TL,,
LCA,cod-ps-lca,OCHA Latin America and the Caribbean (ROLAC),,lca_pop_adm1_v2.csv,"ADM1_PCODE, ADM0_PCODE","ADM0_EN, ADM1_EN",T_TL,,
LKA,cod-ps-lka,UNFPA,,lka_admpop_adm0_2022.csv,ADM0_PCODE,ADM0_EN,T_TL,,
LKA,cod-ps-lka,UNFPA,,lka_admpop_adm1_2022.csv,"ADM1_PCODE, ADM0_PCODE","ADM0_EN, ADM1_EN",T_TL,,
LKA,cod-ps-lka,UNFPA,,lka_admpop_adm2_2022.csv,"ADM1_PCODE, ADM0_PCODE, ADM2_PCODE","ADM0_EN, ADM2_EN, ADM1_EN",T_TL,,
LKA,cod-ps-lka,UNFPA,,lka_admpop_adm0_2022_special.csv,ADM0_PCODE,ADM0_EN,T_TL,,
LKA,cod-ps-lka,UNFPA,,lka_admpop_adm1_2022_special.csv,"ADM1_PCODE, ADM0_PCODE","ADM0_EN, ADM1_EN",T_TL,,
LKA,cod-ps-lka,UNFPA,,lka_admpop_adm2_2022_special.csv,"ADM1_PCODE, ADM0_PCODE, ADM2_PCODE","ADM0_EN, ADM2_EN, ADM1_EN",T_TL,,
LSO,cod-ps-lso,UNFPA,,lso_admpop_adm0_2022.csv,ADM0_PCODE,ADM0_NAME,T_TL,,
LSO,cod-ps-lso,UNFPA,,lso_admpop_adm1_2022.csv,"ADM1_PCODE, ADM0_PCODE","ADM0_NAME, ADM1_NAME",T_TL,,
MAF,cod-ps-maf,OCHA Latin America and the Caribbean (ROLAC),,maf_admpop_adm0_2016_insee_v2.csv,ADM0_PCODE,ADM0_FR,T_TL,,
MAF,cod-ps-maf,OCHA Latin America and the Caribbean (ROLAC),,maf_admpop_adm1_2016_insee_v2.csv,"ADM1_PCODE, ADM0_PCODE","ADM0_FR, ADM1_FR",T_TL,,
MDA,cod-ps-mda,UNFPA,,mda_admpop_adm0_2022.csv,ADM0_PCODE,ADM0_EN,T_TL,,
MDA,cod-ps-mda,UNFPA,,mda_admpop_adm1_2022.csv,"ADM1_PCODE, ADM0_PCODE","ADM0_EN, ADM1_EN",T_TL,,
MDG,cod-ps-mdg,OCHA Regional Office for Southern and Eastern Africa (ROSEA),,mdg_admpop_adm0_2018.csv,ADM0_PCODE,ADM0_EN,T_TL,,
MDG,cod-ps-mdg,OCHA Regional Office for Southern and Eastern Africa (ROSEA),,mdg_admpop_adm1_2018.csv,"ADM1_PCODE, ADM0_PCODE","ADM0_EN, ADM1_EN",T_TL,,
MDG,cod-ps-mdg,OCHA Regional Office for Southern and Eastern Africa (ROSEA),,mdg_admpop_adm2_2018.csv,"ADM1_PCODE, ADM0_PCODE, ADM2_PCODE","ADM0_EN, ADM2_EN, ADM1_EN",T_TL,,
MDG,cod-ps-mdg,OCHA Regional Office for Southern and Eastern Africa (ROSEA),,mdg_admpop_adm3_2018.csv,"ADM1_PCODE, ADM3_PCODE, ADM0_PCODE, ADM2_PCODE","ADM3_EN, ADM0_EN, ADM2_EN, ADM1_EN",T_TL,,
MDG,cod-ps-mdg,OCHA Regional Office for Southern and Eastern Africa (ROSEA),,mdg_admpop_adm4_2018.csv,"ADM1_PCODE, ADM3_PCODE, ADM0_PCODE, ADM2_PCODE, ADM4_PCODE","ADM0_EN, ADM2_EN, ADM1_EN, ADM3_EN, ADM4_EN",T_TL,,
MDV,cod-ps-mdv,UNFPA,,mdv_admpop_adm0_2022.csv,ADM0_PCODE,ADM0_NAME,T_TL,,
MDV,cod-ps-mdv,UNFPA,,mdv_admpop_adm1_2022.csv,"ADM1_PCODE, ADM0_PCODE","ADM0_NAME, ADM1_NAME",T_TL,,
MDV,cod-ps-mdv,UNFPA,,mdv_admpop_adm2_2022.csv,"ADM1_PCODE, ADM0_PCODE, ADM2_PCODE","ADM2_NAME, ADM0_NAME, ADM2_ALT_NAME, ADM1_NAME",T_TL,,
MEX,cod-ps-mex,UNFPA,,mex_admpop_adm0_2021_v2.csv,"ADM1_PCODE, ADM0_PCODE","ADM0_EN, ADM1_EN",T_TL,,
MEX,cod-ps-mex,UNFPA,,mex_admpop_adm1_2021_v2.csv,"ADM1_PCODE, ADM0_PCODE","ADM0_EN, ADM1_EN",T_TL,,
MEX,cod-ps-mex,UNFPA,,mex_admpop_adm2_2021_v2.csv,"ADM1_PCODE, ADM0_PCODE, ADM2_PCODE","ADM0_EN, ADM2_EN, ADM1_EN",T_TL,,
MHL,cod-ps-mhl,OCHA Regional Office for Asia and the Pacific (ROAP),,mhl_pplp_adm0_country_v2.csv,adm0_code,adm0_name,T_TL,,
MHL,cod-ps-mhl,OCHA Regional Office for Asia and the Pacific (ROAP),,mhl_pplp_adm1_atolls_v2.csv,"adm0_code, adm1_pcode","adm0_name, adm1_name",T_TL,,
MHL,cod-ps-mhl,OCHA Regional Office for Asia and the Pacific (ROAP),,mhl_pplp_adm2_eas_v2.csv,"adm0_code, adm1_pcode, adm2_pcode","adm0_name, adm2_name, adm1_name",T_TL,,
MLI,cod-ps-mli,OCHA Mali,,mli_pop_adm0_v2.csv,admin0Pcode,"admin0Name_fr, admin0AltName1_fr, admin0AltName2_fr, admin0RefName",T_TL,,
MLI,cod-ps-mli,OCHA Mali,,mli_pop_adm1_v2.csv,"admin0Pcode, admin1Pcode","admin0Name_fr, admin1RefName, admin1Name_fr, admin1AltName1_fr, admin1AltName2_fr",T_TL,,
MLI,cod-ps-mli,OCHA Mali,,mli_pop_adm2_v2.csv,"admin0Pcode, admin1Pcode, admin2Pcode","admin0Name_fr, admin1Name_fr, admin2AltName1_fr, admin2AltName2_fr, admin2RefName, admin2Name_fr",T_TL,,
MLI,cod-ps-mli,OCHA Mali,,mli_pop_adm3_v2.csv,"admin0Pcode, admin3Pcode, admin1Pcode, admin2Pcode","admin0Name_fr, admin1Name_fr, admin3AltName2_fr, admin3Name_fr, admin3RefName, admin2Name_fr, admin3AltName1_fr",T_TL,,
MMR,cod-ps-mmr,UNFPA,,mmr_admpop_adm0_2022.csv,ADM0_PCODE,ADM0_EN,T_TL,,
MMR,cod-ps-mmr,UNFPA,,mmr_admpop_adm1_2022.csv,"ADM1_PCODE, ADM0_PCODE","ADM0_EN, ADM1_EN",T_TL,,
MMR,cod-ps-mmr,UNFPA,,mmr_admpop_adm2_2022.csv,"ADM1_PCODE, ADM0_PCODE, ADM2_PCODE","ADM0_EN, ADM2_EN, ADM1_EN",T_TL,,
MMR,cod-ps-mmr,UNFPA,,mmr_admpop_adm3_2022.csv,"ADM1_PCODE, ADM3_PCODE, ADM0_PCODE, ADM2_PCODE","ADM3_EN, ADM0_EN, ADM2_EN, ADM1_EN",T_TL,,
MNG,cod-ps-mng,UNFPA,,mng_admpop_adm0_2021_v2.csv,ADM0_PCODE,"ADM0_EN, ADM0_MN",T_TL,,
MNG,cod-ps-mng,UNFPA,,mng_admpop_adm1_2021_v2.csv,"ADM1_PCODE, ADM0_PCODE","ADM1_MN, ADM0_EN, ADM0_MN, ADM1_EN",T_TL,,
MNG,cod-ps-mng,UNFPA,,mng_admpop_regional_2021_v2.csv,ADM0_PCODE,"ADM0_EN, ADM0_MN",T_TL,,
MNG,cod-ps-mng,UNFPA,,mng_admpop_adm2_2017_v2.csv,"ADM1_PCODE, ADM0_PCODE, ADM2_PCODE","ADM1_MN, Adm0_en, Adm0_mn, ADM2_EN, ADM1_EN, ADM2_MN",T_TL,,
MOZ,cod-ps-moz,OCHA Regional Office for Southern and Eastern Africa (ROSEA),,moz_admpop_adm0_2017_v2.csv,ADM0_PCODE,ADM0_EN,T_TL,,
MOZ,cod-ps-moz,OCHA Regional Office for Southern and Eastern Africa (ROSEA),,moz_admpop_adm1_2017_v2.csv,"ADM1_PCODE, ADM0_PCODE","ADM0_EN, ADM1_PT",T_TL,,
MOZ,cod-ps-moz,OCHA Regional Office for Southern and Eastern Africa (ROSEA),,moz_admpop_adm2_2017_v2.csv,"ADM1_PCODE, ADM0_PCODE, ADM2_PCODE","ADM0_EN, ADM1_PT, ADM2_PT",T_TL,,
MRT,cod-ps-mrt,UNFPA,,mrt_admpop_adm0_2022.csv,ADM0_PCODE,ADM0_EN,T_TL,,
MRT,cod-ps-mrt,UNFPA,,mrt_admpop_adm1_2022.csv,"ADM1_PCODE, ADM0_PCODE","ADM0_EN, ADM1_EN",T_TL,,
MSR,cod-ps-msr,OCHA Latin America and the Caribbean (ROLAC),,msr_admpop_adm0_2011_v2.csv,ADM0_PCODE,ADM0_EN,T_TL,,
MSR,cod-ps-msr,OCHA Latin America and the Caribbean (ROLAC),,msr_admpop_adm1_2011_v2.csv,"ADM1_PCODE, ADM0_PCODE","ADM0_EN, ADM1_EN",T_TL,,
MTQ,cod-ps-mtq,OCHA Latin America and the Caribbean (ROLAC),,mtq_adm0_pop_v2.csv,ADM0_PCODE,ADM0_FR,T_TL,,
MTQ,cod-ps-mtq,OCHA Latin America and the Caribbean (ROLAC),,mtq_adm1_pop_v2.csv,"ADM1_PCODE, ADM0_PCODE","NAME_1, NAME_0",T_TL,,
MTQ,cod-ps-mtq,OCHA Latin America and the Caribbean (ROLAC),,mtq_adm2_pop_v3.csv,"ADM1_PCODE, ADM0_PCODE, ADM2_PCODE","ADM2_FR, ADM0_FR, ADM1_FR",T_TL,,
MUS,cod-ps-mus,OCHA Regional Office for Southern and Eastern Africa (ROSEA),,mus_admpop_adm0_2022_v2.csv,ADM0_PCODE,ADM0_EN,T_TL,,
MUS,cod-ps-mus,OCHA Regional Office for Southern and Eastern Africa (ROSEA),,mus_admpop_adm1_2022_v2.csv,"ADM1_PCODE, ADM0_PCODE","ADM0_EN, ADM1_EN",T_TL,,
MWI,cod-ps-mwi,UNFPA,,mwi_admpop_adm0_2022.csv,ADM0_PCODE,ADM0_NAME,T_TL,,
MWI,cod-ps-mwi,UNFPA,,mwi_admpop_adm1_2022.csv,"ADM1_PCODE, ADM0_PCODE","ADM0_NAME, ADM1_NAME",T_TL,,
MWI,cod-ps-mwi,UNFPA,,mwi_admpop_adm2_2022.csv,"ADM1_PCODE, ADM0_PCODE, ADM2_PCODE","ADM2_NAME, ADM0_NAME, ADM1_NAME",T_TL,,
MYS,cod-ps-mys,UNFPA,,mys_admpop_adm0_2020_v2.csv,ADM0_PCODE,ADM0_EN,T_TL,,
MYS,cod-ps-mys,UNFPA,,mys_admpop_adm1_2020_v2.csv,"ADM1_PCODE, ADM0_PCODE","ADM0_EN, ADM1_EN",T_TL,,
NAM,cod-ps-nam,UNFPA,,nam_admpop_adm0_2022.csv,ADM0_PCODE,ADM0_EN,T_TL,,
NAM,cod-ps-nam,UNFPA,,nam_admpop_adm1_2022.csv,"ADM1_PCODE, ADM0_PCODE","ADM0_EN, ADM1_EN",T_TL,,
NAM,cod-ps-nam,UNFPA,,nam_admpop_adm2_2022.csv,"ADM1_PCODE, ADM0_PCODE, ADM2_PCODE","ADM0_EN, ADM2_EN, ADM1_EN",T_TL,,
NER,cod-ps-ner,OCHA Niger,,ner_admpop_adm0_2022.csv,ADM0_PCODE,ADM0_NAME,T_TL,,
NER,cod-ps-ner,OCHA Niger,,ner_admpop_adm1_2022.csv,"ADM1_PCODE, ADM0_PCODE","ADM0_NAME, ADM1_NAME",T_TL,,
NER,cod-ps-ner,OCHA Niger,,ner_admpop_adm2_2022.csv,"ADM1_PCODE, ADM0_PCODE, ADM2_PCODE","ADM2_NAME, ADM0_NAME, ADM1_NAME",T_TL,,
NER,cod-ps-ner,OCHA Niger,,ner_admpop_adm3_2022.csv,"ADM1_PCODE, ADM3_PCODE, ADM0_PCODE, ADM2_PCODE","ADM3_NAME, ADM2_NAME, ADM0_NAME, ADM1_NAME",T_TL,,
NGA,cod-ps-nga,UNFPA,,nga_admpop_adm0_2020.csv,ADM0_PCODE,ADM0_NAME,T_TL,,
NGA,cod-ps-nga,UNFPA,,nga_admpop_adm1_2020.csv,"ADM1_PCODE, ADM0_PCODE","ADM0_NAME, ADM1_NAME",T_TL,,
NGA,cod-ps-nga,UNFPA,,nga_admpop_adm2_2020.csv,"ADM1_PCODE, ADM0_PCODE, ADM2_PCODE","ADM2_NAME, ADM0_NAME, ADM1_NAME",T_TL,,
NGA,cod-ps-nga,UNFPA,,nga_admpop_SenDist_2020.csv,"ADM1_PCODE, ADM0_PCODE, ADM2_PCODE","ADM2_NAME, ADM0_NAME, ADM1_NAME",T_TL,,
NIC,cod-ps-nic,UNFPA,,nic_admpop_adm0_2020.csv,ADM0_PCODE,ADM0_NAME,T_TL,,
NIC,cod-ps-nic,UNFPA,,nic_admpop_adm1_2020.csv,"ADM1_PCODE, ADM0_PCODE","ADM0_NAME, ADM1_NAME",T_TL,,
NIC,cod-ps-nic,UNFPA,,nic_admpop_adm2_2020.csv,"ADM1_PCODE, ADM0_PCODE, ADM2_PCODE","ADM2_NAME, ADM0_NAME, ADM1_NAME",T_TL,,
NPL,cod-ps-npl,UNFPA,,npl_admpop_adm0_2022.csv,ADM0_PCODE,ADM0_NAME,T_TL,,
NPL,cod-ps-npl,UNFPA,,npl_admpop_adm1_2022.csv,"ADM1_PCODE, ADM0_PCODE","ADM0_NAME, ADM1_NAME",T_TL,,
NPL,cod-ps-npl,UNFPA,,npl_admpop_adm2_2022.csv,"ADM1_PCODE, ADM0_PCODE, ADM2_PCODE","ADM2_NAME, ADM0_NAME, ADM1_NAME",T_TL,,
PAK,cod-ps-pak,OCHA Field Information Services Section (FISS),,pak_admpop_adm0_v2.csv,admin0Pcode,admin0Name_en,T_TL,,
PAK,cod-ps-pak,OCHA Field Information Services Section (FISS),,pak_admpop_adm1_v2.csv,"admin0Pcode, admin1Pcode","admin0Name_en, admin1Name_en",T_TL,,
PAK,cod-ps-pak,OCHA Field Information Services Section (FISS),,pak_admpop_adm2_v2.csv,"admin0Pcode, admin1Pcode, admin2Pcode","admin0Name_en, admin1Name_en, admin2Name_en",T_TL,,
PAK,cod-ps-pak,OCHA Field Information Services Section (FISS),Could not read resource,pak_admpop_adm3.csv,,,,,
PAN,cod-ps-pan,UNFPA,,pan_admpop_adm0_2022.csv,ADM0_PCODE,ADM0_EN,T_TL,,
PAN,cod-ps-pan,UNFPA,,pan_admpop_adm1_2022.csv,"ADM1_PCODE, ADM0_PCODE","ADM1_ES, ADM0_ES",T_TL,,
PER,cod-ps-per,UNFPA,,per_admpop_adm0_2022.csv,ADM0_PCODE,"ADM0_EN, ADM0_ES",T_TL,,
PER,cod-ps-per,UNFPA,,per_admpop_adm1_2022.csv,"ADM1_PCODE, ADM0_PCODE","ADM1_ES, ADM0_EN, ADM0_ES",T_TL,,
PHL,cod-ps-phl,UNFPA,,phl_admpop_adm0_2022.csv,ADM0_PCODE,ADM0_NAME,T_TL,,
PHL,cod-ps-phl,UNFPA,,phl_admpop_adm1_2022.csv,"ADM1_PCODE, ADM0_PCODE","ADM0_NAME, ADM1_NAME",T_TL,,
PHL,cod-ps-phl,UNFPA,,phl_admpop_adm2_2022_v2.csv,"ADM1_PCODE, ADM0_PCODE, ADM2_PCODE","ADM2_NAME, ADM0_NAME, ADM1_NAME",T_TL,,ADM0_PCODE
PHL,cod-ps-phl,UNFPA,,phl_admpop_adm0_2023.csv,ADM0_PCODE,ADM0_NAME,T_TL,,
PHL,cod-ps-phl,UNFPA,,phl_admpop_adm1_2023.csv,"ADM1_PCODE, ADM0_PCODE","ADM0_NAME, ADM1_NAME",T_TL,,
PHL,cod-ps-phl,UNFPA,,phl_admpop_adm2_2023_v2.csv,"ADM1_PCODE, ADM0_PCODE, ADM2_PCODE","ADM2_NAME, ADM0_NAME, ADM1_NAME",T_TL,,
PHL,cod-ps-phl,UNFPA,,phl_admpop_adm0_2024.csv,ADM0_PCODE,ADM0_NAME,T_TL,,
PHL,cod-ps-phl,UNFPA,,phl_admpop_adm1_2024_v1.csv,"ADM1_PCODE, ADM0_PCODE","ADM0_NAME, ADM1_NAME",T_TL,,
PHL,cod-ps-phl,UNFPA,,phl_admpop_adm2_2024_v2.csv,"ADM1_PCODE, ADM0_PCODE, ADM2_PCODE","ADM2_NAME, ADM0_NAME, ADM1_NAME",T_TL,,
PHL,cod-ps-phl,UNFPA,,phl_admpop_adm0_2025.csv,ADM0_PCODE,ADM0_NAME,T_TL,,
PHL,cod-ps-phl,UNFPA,,phl_admpop_adm1_2025.csv,"ADM1_PCODE, ADM0_PCODE","ADM0_NAME, ADM1_NAME",T_TL,,
PHL,cod-ps-phl,UNFPA,,phl_admpop_adm2_2025_v2.csv,"ADM1_PCODE, ADM0_PCODE, ADM2_PCODE","ADM2_NAME, ADM0_NAME, ADM1_NAME",T_TL,,
PNG,cod-ps-png,OCHA Field Information Services Section (FISS),,png_admpop_adm0_2011_v2.csv,ADM0_PCODE,ADM0_EN,T_TL,,
PNG,cod-ps-png,OCHA Field Information Services Section (FISS),,png_admpop_adm1_2011_v2.csv,"ADM1_PCODE, ADM0_PCODE","ADM0_EN, ADM1_EN",T_TL,,
PNG,cod-ps-png,OCHA Field Information Services Section (FISS),,png_admpop_adm2_2011_v2.csv,"ADM1_PCODE, ADM0_PCODE, ADM2_PCODE","ADM0_EN, ADM2_EN, ADM1_EN",T_TL,,
PNG,cod-ps-png,OCHA Field Information Services Section (FISS),,png_admpop_adm3_2011_v2.csv,"ADM1_PCODE, ADM3_PCODE, ADM0_PCODE, ADM2_PCODE","ADM3_EN, ADM0_EN, ADM2_EN, ADM1_EN",T_TL,,
POL,cod-ps-pol,OCHA Field Information Services Section (FISS),,pol_admpop_adm0_2020.csv,ADM0_PCODE,"ADM0_EN, ADM0_PL",T_TL,,
POL,cod-ps-pol,OCHA Field Information Services Section (FISS),,pol_admpop_adm1_2020.csv,"ADM1_PCODE, ADM0_PCODE","ADM1_PL, ADM0_EN, ADM0_PL",T_TL,,
POL,cod-ps-pol,OCHA Field Information Services Section (FISS),,pol_admpop_adm2_2020.csv,"ADM1_PCODE, ADM0_PCODE, ADM2_PCODE","ADM2_PL, ADM1_PL, ADM0_EN, ADM0_PL",T_TL,,
PRI,cod-ps-pri,OCHA Field Information Services Section (FISS),,pri_adm0_pop_v2.csv,ADM0_PCODE,NAME_0,T_TL,,
PRI,cod-ps-pri,OCHA Field Information Services Section (FISS),,pri_adm1_pop_v2.csv,"ADM1_PCODE, ADM0_PCODE","NAME_1, NAME_0",T_TL,,
PRK,cod-ps-prk,OCHA Regional Office for Asia and the Pacific (ROAP),,prk_pop_adm0_v2.csv,ADMO0_PCODE,ADM0_EN,T_TL,,
PRK,cod-ps-prk,OCHA Regional Office for Asia and the Pacific (ROAP),,prk_pop_adm1_v2.csv,"ADM1_PCODE, ADMO0_PCODE","ADM0_EN, ADM1_EN",T_TL,,
PRK,cod-ps-prk,OCHA Regional Office for Asia and the Pacific (ROAP),,prk_pop_adm2_v2.csv,"ADM1_PCODE, ADMO0_PCODE, ADM2_PCODE","ADM0_EN, ADM2_EN, ADM1_EN",T_TL,,
PRY,cod-ps-pry,UNFPA,,pry_admpop_adm0_2022.csv,ADM0_PCODE,ADM0_ES,T_TL,,
PRY,cod-ps-pry,UNFPA,,pry_admpop_adm1_2022.csv,"ADM1_PCODE, ADM0_PCODE","ADM1_ES, ADM0_ES",T_TL,,
PRY,cod-ps-pry,UNFPA,,pry_admpop_adm2_2022.csv,"ADM1_PCODE, ADM0_PCODE, ADM2_PCODE","ADM1_ES, ADM2_ES, ADM0_ES",T_TL,,
PSE,cod-ps-pse,UNFPA,,pse_admpop_adm0_2022.csv,ADM0_PCODE,ADM0_NAME,T_TL,,
PSE,cod-ps-pse,UNFPA,,pse_admpop_adm1_2022.csv,"ADM1_PCODE, ADM0_PCODE","ADM0_NAME, ADM1_EN",T_TL,,
ROU,cod-ps-rou,UNFPA,,rou_admpop_adm0_2022_v01.csv,ADM0_PCODE,ADM0_EN,T_TL,,
ROU,cod-ps-rou,UNFPA,,rou_admpop_adm1_2022_v01.csv,"ADM1_PCODE, ADM0_PCODE","ADM0_EN, ADM1_RO",T_TL,,
ROU,cod-ps-rou,UNFPA,,rou_admpop_adm2_2022_v01.csv,"ADM1_PCODE, ADM0_PCODE, ADM2_PCODE","ADM2_RO, ADM0_EN, ADM1_RO",T_TL,,
RWA,cod-ps-rwa,UNFPA,,rwa_admpop_adm0_2022.csv,ADM0_PCODE,ADM0_EN,T_TL,,
RWA,cod-ps-rwa,UNFPA,,rwa_admpop_adm1_2022.csv,"ADM1_PCODE, ADM0_PCODE","ADM0_EN, ADM1_EN",T_TL,,
RWA,cod-ps-rwa,UNFPA,,rwa_admpop_adm2_2022.csv,"ADM1_PCODE, ADM0_PCODE, ADM2_PCODE","ADM0_EN, ADM2_EN, ADM1_EN",T_TL,,
RWA,cod-ps-rwa,UNFPA,,rwa_admpop_adm3_2022.csv,"ADM1_PCODE, ADM3_PCODE, ADM0_PCODE, ADM2_PCODE","ADM3_EN, ADM0_EN, ADM2_EN, ADM1_EN",T_TL,,
SDN,cod-ps-sdn,UNFPA,,sdn_admpop_adm0_2022.csv,ADM0_PCODE,ADM0_EN,T_TL,,
SDN,cod-ps-sdn,UNFPA,,sdn_admpop_adm1_2022.csv,"ADM1_PCODE, ADM0_PCODE","ADM0_EN, ADM1_EN",T_TL,,
SEN,cod-ps-sen,UNFPA,,sen_admpop_adm0_2021.csv,ADM0_PCODE,ADM0_NAME,T_TL,,
SEN,cod-ps-sen,UNFPA,,sen_admpop_adm0_2020_v2.csv,ADM0_PCODE,"ADM0_FR, ADM0_EN",T_TL,,
SEN,cod-ps-sen,UNFPA,,sen_admpop_adm1_2020_v2.csv,"ADM1_PCODE, ADM0_PCODE","ADM0_FR, ADM0_EN, ADM1_FR",T_TL,,
SLB,cod-ps-slb,OCHA Regional Office for Asia and the Pacific (ROAP),,slb_pplp_adm0_country_v2.csv,adm0_pcode,,T_TL,,
SLB,cod-ps-slb,OCHA Regional Office for Asia and the Pacific (ROAP),,slb_pplp_adm1_province_v2.csv,"adm1_pcode, adm0_pcode",adm1_name,T_TL,,
SLB,cod-ps-slb,OCHA Regional Office for Asia and the Pacific (ROAP),,slb_pplp_adm2_constituency_v2.csv,"adm1_pcode, adm0_pcode, adm2_pcode","adm2_name, adm1_name",T_TL,,
SLB,cod-ps-slb,OCHA Regional Office for Asia and the Pacific (ROAP),,slb_admpop_adm3_2009_v2.csv,"adm3_pcode, adm1_pcode, adm0_pcode, adm2_pcode","adm2_name, adm3_name, adm1_name",T_TL,,
SLE,cod-ps-sle,OCHA West and Central Africa (ROWCA),,sle_admpop_adm0_2020_v2.csv,ADM0_PCODE,ADM0_EN,T_TL,,
SLE,cod-ps-sle,OCHA West and Central Africa (ROWCA),,sle_admpop_adm1_2020_v2.csv,"ADM1_PCODE, ADM0_PCODE","ADM0_EN, ADM1_EN",T_TL,,
SLE,cod-ps-sle,OCHA West and Central Africa (ROWCA),,sle_adm2_population_v2.csv,"ADM1_PCODE_ISO3, ADM2_PCODE_ISO3, ADM0_PCODE, ADM2_PCODE_ISO2, ADM1_PCODE_ISO2","ADM0_EN, ADM2_EN, ADM1_EN",T_TL,,
SLE,cod-ps-sle,OCHA West and Central Africa (ROWCA),,sle_admpop_adm3_2020_v2.csv,"ADM1_PCODE, ADM3_PCODE, ADM0_PCODE, ADM2_PCODE","ADM3_EN, ADM0_EN, ADM2_EN, ADM1_EN",T_TL,,
SLV,cod-ps-slv,UNFPA,,slv_admpop_adm0_2022.csv,ADM0_PCODE,ADM0_ES,T_TL,,
SLV,cod-ps-slv,UNFPA,,slv_admpop_adm1_2022.csv,"ADM1_PCODE, ADM0_PCODE","ADM1_ES, ADM0_ES",T_TL,,
SLV,cod-ps-slv,UNFPA,,slv_admpop_adm2_2022.csv,"ADM1_PCODE, ADM0_PCODE, ADM2_PCODE","ADM1_ES, ADM2_ES, ADM0_ES",T_TL,,
SOM,cod-ps-som,OCHA Somalia,,som_pplp_adm0_v2.csv,admin0Pcode,admin0Name_en,T_TL,,
SOM,cod-ps-som,OCHA Somalia,,som_pplp_adm1_v2.csv,"admin0Pcode, admin1Pcode","admin0Name_en, admin1Name_en",T_TL,,
SOM,cod-ps-som,OCHA Somalia,,som_pplp_adm2_v2.csv,"admin0Pcode, admin1Pcode, admin2Pcode","Admin2Name_en, admin0Name_en, admin1Name_en",T_TL,,
SSD,cod-ps-ssd,OCHA South Sudan,,ssd_admpop_adm0_2022_v2.csv,ADM0_PCODE,ADM0_EN,T_TL,,
SSD,cod-ps-ssd,OCHA South Sudan,,ssd_admpop_adm1_2022_v2.csv,"ADM1_PCODE, ADM0_PCODE","ADM0_EN, ADM1_EN",T_TL,,
SSD,cod-ps-ssd,OCHA South Sudan,,ssd_admpop_adm2_2022_v2.csv,"ADM1_PCODE, ADM0_PCODE, ADM2_PCODE","ADM0_EN, ADM2_EN, ADM1_EN",T_TL,,
STP,cod-ps-stp,UNFPA,,stp_admpop_adm0_2022.csv,ADM0_PCODE,ADM0_PT,T_TL,,
STP,cod-ps-stp,UNFPA,,stp_admpop_adm1_2022.csv,"ADM1_PCODE, ADM0_PCODE","ADM0_PT, ADM1_PT",T_TL,,
STP,cod-ps-stp,UNFPA,,stp_admpop_adm2_2022.csv,"ADM1_PCODE, ADM0_PCODE, ADM2_PCODE","ADM0_PT, ADM1_PT, ADM2_PT",T_TL,,
SUR,cod-ps-sur,OCHA Latin America and the Caribbean (ROLAC),,sur_admpop_adm0_v2.csv,ADM0_PCODE,ADM0_NL,T_TL,,
SUR,cod-ps-sur,OCHA Latin America and the Caribbean (ROLAC),,sur_admpop_adm1_v2.csv,"ADM1_PCODE, ADM0_PCODE","ADM1_NL, ADM0_NL",T_TL,,
SUR,cod-ps-sur,OCHA Latin America and the Caribbean (ROLAC),,sur_admpop_adm2_v2.csv,"ADM1_PCODE, ADM0_PCODE, ADM2_PCODE","ADM2_NL, ADM1_NL, ADM0_NL",T_TL,,
SVK,cod-ps-svk,UNFPA,,svk_admpop_adm0_2021_v01.csv,ADM0_PCODE,"ADM0_EN, ADM0_SK",T_TL,,
SVK,cod-ps-svk,UNFPA,,svk_admpop_adm1_2021_v01.csv,"ADM1_PCODE, ADM0_PCODE","ADM0_EN, ADM0_SK, ADM1_SK",T_TL,,
SVK,cod-ps-svk,UNFPA,,svk_admpop_adm2_2021_v01.csv,"ADM1_PCODE, ADM0_PCODE, ADM2_PCODE","ADM0_EN, ADM0_SK, ADM1_SK, ADM2_SK",T_TL,,
SWZ,cod-ps-swz,UNFPA,,swz_admpop_adm0_2022.csv,ADM0_PCODE,ADM0_NAME,T_TL,,
SWZ,cod-ps-swz,UNFPA,,swz_admpop_adm1_2022.csv,"ADM1_PCODE, ADM0_PCODE","ADM0_NAME, ADM1_NAME",T_TL,,
SXM,cod-ps-sxm,OCHA Field Information Services Section (FISS),,sxm_adm0_pop_2018_v2.csv,ADM0_PCODE,ADM0_EN,T_TL,,
SXM,cod-ps-sxm,OCHA Field Information Services Section (FISS),,sxm_adm1_pop_2018_v2.csv,"ADM1_PCODE, ADM0_PCODE","ADM0_EN, ADM1_EN",T_TL,,
SYC,cod-ps-syc,OCHA Regional Office for Southern and Eastern Africa (ROSEA),,syc_admpop_adm0_nbs2019_v2.csv,ADM0_PCODE,ADM0_EN,T_TL,,
SYC,cod-ps-syc,OCHA Regional Office for Southern and Eastern Africa (ROSEA),,syc_admpop_adm1_nbs2019_v2.csv,"ADM1_PCODE, ADM0_PCODE","ADM0_EN, ADM1_EN",T_TL,,
SYC,cod-ps-syc,OCHA Regional Office for Southern and Eastern Africa (ROSEA),,syc_admpop_adm2_nbs2019_v2.csv,"ADM1_PCODE, ADM0_PCODE, ADM2_PCODE","ADM0_EN, ADM2_EN, ADM1_EN",T_TL,,
SYC,cod-ps-syc,OCHA Regional Office for Southern and Eastern Africa (ROSEA),,syc_admpop_adm3_nbs2019_v2.csv,"ADM1_PCODE, ADM3_PCODE, ADM0_PCODE, ADM2_PCODE","ADM3_EN, ADM0_EN, ADM2_EN, ADM1_EN",T_TL,,
TCA,cod-ps-tca,UNFPA,,tca_admpop_adm0_v2.csv,ADM0_PCODE,ADM0_EN,T_TL,,
TCA,cod-ps-tca,UNFPA,,tca_admpop_adm1_v2.csv,"ADM1_PCODE, ADM0_PCODE","ADM0_EN, ADM1_EN",T_TL,,
TCD,cod-ps-tcd,UNFPA,,tcd_admpop_adm0_2021.csv,ADM0_PCODE,ADM0_FR,T_TL,,
TCD,cod-ps-tcd,UNFPA,,tcd_admpop_adm1_2021.csv,"ADM1_PCODE, ADM0_PCODE","ADM0_FR, ADM1_FR",T_TL,,
TCD,cod-ps-tcd,UNFPA,,tcd_admpop_adm2_2021.csv,"ADM1_PCODE, ADM0_PCODE, ADM2_PCODE","ADM2_FR, ADM0_FR, ADM1_FR",T_TL,,
TGO,cod-ps-tgo,UNFPA,,tgo_admpop_adm0_2021.csv,ADM0_PCODE,ADM0_NAME,T_TL,,
TGO,cod-ps-tgo,UNFPA,,tgo_admpop_adm1_2021.csv,"ADM1_PCODE, ADM0_PCODE","ADM0_NAME, ADM1_NAME",T_TL,,
THA,cod-ps-tha,UNFPA,,tha_admpop_adm0_2022.csv,ADM0_PCODE,ADM0_NAME,T_TL,,
THA,cod-ps-tha,UNFPA,,tha_admpop_adm1_2022.csv,"ADM1_PCODE, ADM0_PCODE","ADM0_NAME, ADM1_NAME",T_TL,,
THA,cod-ps-tha,UNFPA,,tha_admpop_adm2_2022.csv,"ADM1_PCODE, ADM0_PCODE, ADM2_PCODE","ADM2_NAME, ADM0_NAME, ADM1_NAME",T_TL,,
TJK,cod-ps-tjk,UNFPA,,tjk_admpop_adm1_2022.csv,"ADM1_PCODE, ADM0_PCODE","ADM0_EN, ADM1_EN",T_TL,,ADM1_PCODE
TJK,cod-ps-tjk,UNFPA,,tjk_admpop_adm0_2022.csv,ADM0_PCODE,ADM0_EN,T_TL,,
TLS,cod-ps-tls,OCHA Regional Office for Asia and the Pacific (ROAP),,tls_admpop_adm0_2022.csv,ADM0_PCODE,ADM0_NAME,T_TL,,
TLS,cod-ps-tls,OCHA Regional Office for Asia and the Pacific (ROAP),,tls_admpop_adm1_2022.csv,"ADM1_PCODE, ADM0_PCODE","ADM0_NAME, ADM1_NAME",T_TL,,
TON,cod-ps-ton,UNFPA,,ton_admpop_adm0_2021_v2.csv,"ADM1_PCODE, ADM0_PCODE","ADM0_TO, ADM1_TO",T_TL,,
TON,cod-ps-ton,UNFPA,,ton_admpop_adm1_2021.csv,"ADM1_PCODE, ADM0_PCODE","ADM0_TO, ADM1_TO",T_TL,,
TON,cod-ps-ton,UNFPA,,ton_admpop_adm2_2021.csv,"ADM1_PCODE, ADM0_PCODE, ADM2_PCODE","ADM0_TO, ADM1_TO, ADM2_TO",T_TL,,
TON,cod-ps-ton,UNFPA,,ton_admpop_adm3_2021.csv,"ADM1_PCODE, ADM3_PCODE, ADM0_PCODE, ADM2_PCODE","ADM0_TO, ADM1_TO, ADM3_TO, ADM2_TO",T_TL,,
TON,cod-ps-ton,UNFPA,,ton_admpop_adm0_2021_years.csv,ADM0_PCODE,ADM0_TO,T_TL,,
TON,cod-ps-ton,UNFPA,,ton_admpop_adm1_2021_years.csv,"ADM1_PCODE, ADM0_PCODE","ADM0_TO, ADM1_TO",T_TL,,
TTO,cod-ps-tto,OCHA Latin America and the Caribbean (ROLAC),,tto_admpop_adm0_2020Â­_v2.csv,ADM0_PCODE,ADM0_EN,T_TL,,
TTO,cod-ps-tto,OCHA Latin America and the Caribbean (ROLAC),,tto_admpop_adm1_2020_v2.csv,"ADM1_PCODE, ADM0_PCODE","ADM0_EN, ADM1_EN",T_TL,,
TUN,cod-ps-tun,UNFPA,,tun_admpop_adm0_2020.csv,ADM0_PCODE,"ADM0_EN, ADM0_AR",T_TL,,
TUN,cod-ps-tun,UNFPA,,tun_admpop_adm1_2020.csv,"ADM1_PCODE, ADM0_PCODE","ADM1_AR, ADM0_EN, ADM1_EN, ADM0_AR",T_TL,,
TUN,cod-ps-tun,UNFPA,,tun_admpop_adm2_2020.csv,"ADM1_PCODE, ADM0_PCODE, ADM2_PCODE","ADM0_EN, ADM2_EN, ADM1_EN, ADM1_AR, ADM0_AR, ADM2_AR",T_TL,,
TUR,cod-ps-tur,UNFPA,,tur_admpop_adm0_2021.csv,ADM0_PCODE,ADM0_EN,T_TL,,
TUR,cod-ps-tur,UNFPA,,tur_admpop_adm1_2021.csv,"ADM1_PCODE, ADM0_PCODE","ADM0_EN, ADM1_EN",T_TL,,
TUR,cod-ps-tur,UNFPA,,tur_admpop_adm2_2021.csv,"ADM1_PCODE, ADM0_PCODE, ADM2_PCODE","ADM0_EN, ADM2_EN, ADM1_EN",T_TL,,
TZA,cod-ps-tza,UNFPA,,tza_admpop_adm0_2000_v2.csv,ADM0_PCODE,ADM0_EN,T_TL,,
TZA,cod-ps-tza,UNFPA,,tza_admpop_adm0_2000_v2.csv,ADM0_PCODE,ADM0_EN,T_TL,,
TZA,cod-ps-tza,UNFPA,,tza_admpop_adm1_2000_v2.csv,"ADM1_PCODE, ADM0_PCODE","ADM0_EN, ADM1_EN",T_TL,,
TZA,cod-ps-tza,UNFPA,,tza_admpop_adm2_2000_v2.csv,"ADM1_PCODE, ADM0_PCODE, ADM2_PCODE","ADM0_EN, ADM2_EN, ADM1_EN",T_TL,,
UGA,cod-ps-uga,UNFPA,,uga_admpop_adm0_2022.csv,ADM0_PCODE,ADM0_NAME,T_TL,,
UGA,cod-ps-uga,UNFPA,,uga_admpop_adm1_2022.csv,"ADM1_PCODE, ADM0_PCODE","ADM0_NAME, ADM1_NAME",T_TL,,
UGA,cod-ps-uga,UNFPA,,uga_admpop_adm2_2022.csv,"ADM1_PCODE, ADM0_PCODE, ADM2_PCODE","ADM2_NAME, ADM0_NAME, ADM1_NAME",T_TL,,
UKR,cod-ps-ukr,UNFPA,,ukr_admpop_adm0_2022.csv,ADM0_PCODE,"admin0Name_ru, admin0Name_en, admin0Name_ua",T_TL,,
UKR,cod-ps-ukr,UNFPA,,ukr_admpop_adm1_2022.csv,"ADM1_PCODE, ADM0_PCODE","admin0Name_ru, admin1Name_ru, admin1Name_en, admin0Name_ua, admin1Name_ua, admin0Name_en",T_TL,,
URY,cod-ps-ury,UNFPA,,ury_admpop_adm0_2022.csv,ADM0_PCODE,ADM0_NAME,T_TL,,
URY,cod-ps-ury,UNFPA,,ury_admpop_adm1_2022.csv,"ADM1_PCODE, ADM0_PCODE","ADM0_NAME, ADM1_NAME",T_TL,,
UZB,cod-ps-uzb,OCHA Field Information Services Section (FISS),,uzb_admpop_adm1_v2.csv,"ADM1_PCODE, ADM0_PCODE","ADM0_RU, ADM0_EN, ADM0_UZ, ADM1_EN, ADM1_UZ, ADM1_RU",T_TL,,
UZB,cod-ps-uzb,OCHA Field Information Services Section (FISS),,uzb_admpop_adm0_v2.csv,ADM0_PCODE,"ADM0_EN, ADM0_UZ, ADM0_RU",T_TL,,
VCT,cod-ps-vct,UNFPA,No csv resources found,,,,,,
VEN,cod-ps-ven,OCHA Venezuela,,ven_admpop_adm0_2011_v2.csv,ADM0_PCODE,ADM0_ES,T_TL,,
VEN,cod-ps-ven,OCHA Venezuela,,ven_admpop_adm1_2011_v2.csv,"ADM1_PCODE, ADM0_PCODE","ADM1_ES, ADM0_ES",T_TL,,
VEN,cod-ps-ven,OCHA Venezuela,,ven_admpop_adm2_2011_v3.csv,"ADM1_PCODE, ADM0_PCODE, ADM2_PCODE","ADM1_ES, ADM2_ES, ADM0_ES",T_TL,,
VGB,cod-ps-vgb,UNFPA,,vgb_admpop_adm0_2010_v2.csv,ADM0_PCODE,ADM0_EN,T_TL,,
VGB,cod-ps-vgb,UNFPA,,vgb_admpop_adm1_2010_v2.csv,"ADM1_PCODE, ADM0_PCODE","ADM0_EN, ADM1_EN",T_TL,,
VIR,cod-ps-vir,OCHA Latin America and the Caribbean (ROLAC),,vir_admpop_adm0_v2.csv,ADM0_PCODE,ADM0_EN,T_TL,,
VIR,cod-ps-vir,OCHA Latin America and the Caribbean (ROLAC),,vir_admpop_adm1_v2.csv,"ADM1_PCODE, ADM0_PCODE","ADM0_EN, ADM1_EN",T_TL,,
VIR,cod-ps-vir,OCHA Latin America and the Caribbean (ROLAC),,vir_admpop_adm2_v2.csv,"ADM1_PCODE, ADM0_PCODE, ADM2_PCODE","ADM0_EN, ADM2_EN, ADM1_EN",T_TL,,
VNM,cod-ps-vnm,UNFPA,,vnm_admpop_adm0_2022.csv,ADM0_PCODE,ADM0_NAME,T_TL,,
VNM,cod-ps-vnm,UNFPA,,vnm_admpop_adm1_2022_v2.csv,"ADM1_PCODE, ADM0_PCODE","ADM0_NAME, ADM1_NAME",T_TL,,
VUT,cod-ps-vut,UNFPA,,vut_admpop_adm0_2020.csv,ADM0_PCODE,ADM0_NAME,T_TL,,
VUT,cod-ps-vut,UNFPA,,vut_admpop_adm1_2020.csv,"ADM1_PCODE, ADM0_PCODE","ADM0_NAME, ADM1_NAME",T_TL,,
VUT,cod-ps-vut,UNFPA,,vut_admpop_adm2_2020.csv,"ADM1_PCODE, ADM0_PCODE, ADM2_PCODE","ADM2_NAME, ADM0_NAME, ADM1_NAME",T_TL,,
ZAF,cod-ps-zaf,UNFPA,,zaf_admpop_adm0_2020.csv,ADM0_PCODE,ADM0_EN,T_TL,,
ZAF,cod-ps-zaf,UNFPA,,zaf_admpop_adm1_2020.csv,"ADM1_PCODE, ADM0_PCODE","ADM0_EN, ADM1_NAME",T_TL,,
ZAF,cod-ps-zaf,UNFPA,,zaf_admpop_adm2_2020.csv,"ADM1_PCODE, ADM0_PCODE, ADM2_PCODE","ADM2_NAME, ADM0_EN, ADM1_NAME",T_TL,,
ZMB,cod-ps-zmb,UNFPA,,zmb_admpop_adm0_2020_v2.csv,ADM0_CODE,ADM0_EN,T_TL,,
ZMB,cod-ps-zmb,UNFPA,,zmb_admpop_adm1_2020_v2.csv,"ADM1_CODE, ADM0_CODE","ADM0_EN, ADM1_EN",T_TL,,
ZWE,cod-ps-zwe,UNFPA,,zwe_admpop_adm0_2022.csv,ADM0_PCODE,ADM0_EN,T_TL,,
ZWE,cod-ps-zwe,UNFPA,,zwe_admpop_adm1_2022.csv,"ADM1_PCODE, ADM0_PCODE","ADM0_EN, ADM1_EN",T_TL,,
ZWE,cod-ps-zwe,UNFPA,,zwe_admpop_adm2_2022.csv,"ADM1_PCODE, ADM0_PCODE, ADM2_PCODE","ADM0_EN, ADM2_EN, ADM1_EN",T_TL,,
